	mutation_id	sample_id	ref_counts	alt_counts	normal_cn	major_cn	minor_cn	tumour_content	ccf	cluster
0	chr6:139410929	R1	103	0	2	3	1	0.669	0.0	0
1	chr6:139410929	R2	45	58	2	3	1	0.646	1.0	0
2	chr6:139410929	R3	40	63	2	3	1	0.643	1.0	0
3	chr6:139410929	R4	52	51	2	3	1	0.518	1.0	0
4	chr6:139410929	R5	49	54	2	3	1	0.505	1.0	0
5	chr6:139410929	R6	43	60	2	3	1	0.485	1.0	0
6	chr6:139410929	R7	103	0	2	3	1	0.566	0.0	0
7	chr6:139410929	R8	55	48	2	3	1	0.479	1.0	0
8	chr6:139410929	R9	38	65	2	3	1	0.66	1.0	0
9	chr6:139410929	R10	103	0	2	3	1	0.632	0.0	0
10	chr1:230849338	R1	113	0	2	1	1	0.669	0.0	4
11	chr1:230849338	R2	113	0	2	1	1	0.646	0.0	4
12	chr1:230849338	R3	113	0	2	1	1	0.643	0.0	4
13	chr1:230849338	R4	101	12	2	1	1	0.518	0.44	4
14	chr1:230849338	R5	85	28	2	1	1	0.505	0.96	4
15	chr1:230849338	R6	113	0	2	1	1	0.485	0.0	4
16	chr1:230849338	R7	104	9	2	1	1	0.566	0.21	4
17	chr1:230849338	R8	99	14	2	1	1	0.479	0.6	4
18	chr1:230849338	R9	82	31	2	1	1	0.66	0.78	4
19	chr1:230849338	R10	96	17	2	1	1	0.632	0.58	4
20	chr18:17629094	R1	98	0	2	3	1	0.669	0.0	4
21	chr18:17629094	R2	98	0	2	3	1	0.646	0.0	4
22	chr18:17629094	R3	79	19	2	3	1	0.643	0.96	4
23	chr18:17629094	R4	90	8	2	3	1	0.518	0.44	4
24	chr18:17629094	R5	89	9	2	3	1	0.505	0.96	4
25	chr18:17629094	R6	98	0	2	3	1	0.485	0.0	4
26	chr18:17629094	R7	98	0	2	3	1	0.566	0.0	4
27	chr18:17629094	R8	98	0	2	3	1	0.479	0.0	4
28	chr18:17629094	R9	81	17	2	3	1	0.66	0.78	4
29	chr18:17629094	R10	85	13	2	3	1	0.632	0.58	4
30	chr2:13355563	R1	43	41	2	2	1	0.669	0.86	1
31	chr2:13355563	R2	55	29	2	2	1	0.646	0.74	1
32	chr2:13355563	R3	64	20	2	2	1	0.643	0.65	1
33	chr2:13355563	R4	71	13	2	2	1	0.518	0.38	1
34	chr2:13355563	R5	56	28	2	2	1	0.505	0.75	1
35	chr2:13355563	R6	65	19	2	2	1	0.485	0.44	1
36	chr2:13355563	R7	84	0	2	2	1	0.566	0.0	1
37	chr2:13355563	R8	52	32	2	2	1	0.479	0.98	1
38	chr2:13355563	R9	63	21	2	2	1	0.66	0.42	1
39	chr2:13355563	R10	84	0	2	2	1	0.632	0.0	1
40	chr6:127561797	R1	80	8	2	3	1	0.669	0.23	4
41	chr6:127561797	R2	88	0	2	3	1	0.646	0.0	4
42	chr6:127561797	R3	35	53	2	3	1	0.643	0.96	4
43	chr6:127561797	R4	68	20	2	3	1	0.518	0.44	4
44	chr6:127561797	R5	88	0	2	3	1	0.505	0.0	4
45	chr6:127561797	R6	82	6	2	3	1	0.485	0.15	4
46	chr6:127561797	R7	79	9	2	3	1	0.566	0.21	4
47	chr6:127561797	R8	65	23	2	3	1	0.479	0.6	4
48	chr6:127561797	R9	56	32	2	3	1	0.66	0.78	4
49	chr6:127561797	R10	59	29	2	3	1	0.632	0.58	4
50	chr4:75989304	R1	52	63	2	3	1	0.669	0.94	2
51	chr4:75989304	R2	115	0	2	3	1	0.646	0.0	2
52	chr4:75989304	R3	95	20	2	3	1	0.643	0.34	2
53	chr4:75989304	R4	109	6	2	3	1	0.518	0.12	2
54	chr4:75989304	R5	57	58	2	3	1	0.505	0.9	2
55	chr4:75989304	R6	115	0	2	3	1	0.485	0.0	2
56	chr4:75989304	R7	79	36	2	3	1	0.566	0.62	2
57	chr4:75989304	R8	76	39	2	3	1	0.479	0.83	2
58	chr4:75989304	R9	115	0	2	3	1	0.66	0.0	2
59	chr4:75989304	R10	74	41	2	3	1	0.632	0.46	2
60	chr5:4911084	R1	74	31	2	2	1	0.669	0.86	1
61	chr5:4911084	R2	76	29	2	2	1	0.646	0.74	1
62	chr5:4911084	R3	88	17	2	2	1	0.643	0.65	1
63	chr5:4911084	R4	88	17	2	2	1	0.518	0.38	1
64	chr5:4911084	R5	94	11	2	2	1	0.505	0.75	1
65	chr5:4911084	R6	95	10	2	2	1	0.485	0.44	1
66	chr5:4911084	R7	105	0	2	2	1	0.566	0.0	1
67	chr5:4911084	R8	84	21	2	2	1	0.479	0.98	1
68	chr5:4911084	R9	98	7	2	2	1	0.66	0.42	1
69	chr5:4911084	R10	105	0	2	2	1	0.632	0.0	1
70	chr14:45915055	R1	40	61	2	3	1	0.669	0.86	1
71	chr14:45915055	R2	53	48	2	3	1	0.646	0.74	1
72	chr14:45915055	R3	53	48	2	3	1	0.643	0.65	1
73	chr14:45915055	R4	75	26	2	3	1	0.518	0.38	1
74	chr14:45915055	R5	61	40	2	3	1	0.505	0.75	1
75	chr14:45915055	R6	82	19	2	3	1	0.485	0.44	1
76	chr14:45915055	R7	93	8	2	3	1	0.566	0.1	1
77	chr14:45915055	R8	61	40	2	3	1	0.479	0.98	1
78	chr14:45915055	R9	70	31	2	3	1	0.66	0.42	1
79	chr14:45915055	R10	101	0	2	3	1	0.632	0.0	1
80	chr13:6911055	R1	77	36	2	1	1	0.669	1.0	0
81	chr13:6911055	R2	113	0	2	1	1	0.646	0.0	0
82	chr13:6911055	R3	77	36	2	1	1	0.643	1.0	0
83	chr13:6911055	R4	72	41	2	1	1	0.518	1.0	0
84	chr13:6911055	R5	77	36	2	1	1	0.505	1.0	0
85	chr13:6911055	R6	113	0	2	1	1	0.485	0.0	0
86	chr13:6911055	R7	83	30	2	1	1	0.566	1.0	0
87	chr13:6911055	R8	86	27	2	1	1	0.479	1.0	0
88	chr13:6911055	R9	77	36	2	1	1	0.66	1.0	0
89	chr13:6911055	R10	76	37	2	1	1	0.632	1.0	0
90	chr9:104585436	R1	59	34	2	1	1	0.669	0.86	1
91	chr9:104585436	R2	72	21	2	1	1	0.646	0.74	1
92	chr9:104585436	R3	77	16	2	1	1	0.643	0.65	1
93	chr9:104585436	R4	87	6	2	1	1	0.518	0.38	1
94	chr9:104585436	R5	74	19	2	1	1	0.505	0.75	1
95	chr9:104585436	R6	90	3	2	1	1	0.485	0.44	1
96	chr9:104585436	R7	93	0	2	1	1	0.566	0.0	1
97	chr9:104585436	R8	71	22	2	1	1	0.479	0.98	1
98	chr9:104585436	R9	76	17	2	1	1	0.66	0.42	1
99	chr9:104585436	R10	93	0	2	1	1	0.632	0.0	1
100	chr12:45710297	R1	64	23	2	1	1	0.669	0.94	2
101	chr12:45710297	R2	87	0	2	1	1	0.646	0.0	2
102	chr12:45710297	R3	78	9	2	1	1	0.643	0.34	2
103	chr12:45710297	R4	87	0	2	1	1	0.518	0.0	2
104	chr12:45710297	R5	67	20	2	1	1	0.505	0.9	2
105	chr12:45710297	R6	81	6	2	1	1	0.485	0.32	2
106	chr12:45710297	R7	69	18	2	1	1	0.566	0.62	2
107	chr12:45710297	R8	65	22	2	1	1	0.479	0.83	2
108	chr12:45710297	R9	87	0	2	1	1	0.66	0.0	2
109	chr12:45710297	R10	70	17	2	1	1	0.632	0.46	2
110	chr18:24694879	R1	108	0	2	3	1	0.669	0.0	1
111	chr18:24694879	R2	86	22	2	3	1	0.646	0.74	1
112	chr18:24694879	R3	98	10	2	3	1	0.643	0.65	1
113	chr18:24694879	R4	102	6	2	3	1	0.518	0.38	1
114	chr18:24694879	R5	108	0	2	3	1	0.505	0.0	1
115	chr18:24694879	R6	98	10	2	3	1	0.485	0.44	1
116	chr18:24694879	R7	108	0	2	3	1	0.566	0.0	1
117	chr18:24694879	R8	91	17	2	3	1	0.479	0.98	1
118	chr18:24694879	R9	100	8	2	3	1	0.66	0.42	1
119	chr18:24694879	R10	108	0	2	3	1	0.632	0.0	1
120	chr11:40158910	R1	53	52	2	2	1	0.669	1.0	0
121	chr11:40158910	R2	105	0	2	2	1	0.646	0.0	0
122	chr11:40158910	R3	54	51	2	2	1	0.643	1.0	0
123	chr11:40158910	R4	63	42	2	2	1	0.518	1.0	0
124	chr11:40158910	R5	74	31	2	2	1	0.505	1.0	0
125	chr11:40158910	R6	68	37	2	2	1	0.485	1.0	0
126	chr11:40158910	R7	50	55	2	2	1	0.566	1.0	0
127	chr11:40158910	R8	66	39	2	2	1	0.479	1.0	0
128	chr11:40158910	R9	105	0	2	2	1	0.66	0.0	0
129	chr11:40158910	R10	53	52	2	2	1	0.632	1.0	0
130	chr6:33590581	R1	92	21	2	3	1	0.669	0.86	1
131	chr6:33590581	R2	98	15	2	3	1	0.646	0.74	1
132	chr6:33590581	R3	99	14	2	3	1	0.643	0.65	1
133	chr6:33590581	R4	98	15	2	3	1	0.518	0.38	1
134	chr6:33590581	R5	103	10	2	3	1	0.505	0.75	1
135	chr6:33590581	R6	103	10	2	3	1	0.485	0.44	1
136	chr6:33590581	R7	113	0	2	3	1	0.566	0.0	1
137	chr6:33590581	R8	97	16	2	3	1	0.479	0.98	1
138	chr6:33590581	R9	106	7	2	3	1	0.66	0.42	1
139	chr6:33590581	R10	113	0	2	3	1	0.632	0.0	1
140	chr17:52785151	R1	70	38	2	2	2	0.669	0.86	1
141	chr17:52785151	R2	77	31	2	2	2	0.646	0.74	1
142	chr17:52785151	R3	69	39	2	2	2	0.643	0.65	1
143	chr17:52785151	R4	89	19	2	2	2	0.518	0.38	1
144	chr17:52785151	R5	85	23	2	2	2	0.505	0.75	1
145	chr17:52785151	R6	95	13	2	2	2	0.485	0.44	1
146	chr17:52785151	R7	108	0	2	2	2	0.566	0.0	1
147	chr17:52785151	R8	73	35	2	2	2	0.479	0.98	1
148	chr17:52785151	R9	108	0	2	2	2	0.66	0.0	1
149	chr17:52785151	R10	108	0	2	2	2	0.632	0.0	1
150	chr3:180759697	R1	60	24	2	1	1	0.669	0.94	2
151	chr3:180759697	R2	84	0	2	1	1	0.646	0.0	2
152	chr3:180759697	R3	70	14	2	1	1	0.643	0.34	2
153	chr3:180759697	R4	84	0	2	1	1	0.518	0.0	2
154	chr3:180759697	R5	68	16	2	1	1	0.505	0.9	2
155	chr3:180759697	R6	76	8	2	1	1	0.485	0.32	2
156	chr3:180759697	R7	66	18	2	1	1	0.566	0.62	2
157	chr3:180759697	R8	64	20	2	1	1	0.479	0.83	2
158	chr3:180759697	R9	84	0	2	1	1	0.66	0.0	2
159	chr3:180759697	R10	76	8	2	1	1	0.632	0.46	2
160	chr8:77554662	R1	74	27	2	1	1	0.669	0.86	1
161	chr8:77554662	R2	69	32	2	1	1	0.646	0.74	1
162	chr8:77554662	R3	79	22	2	1	1	0.643	0.65	1
163	chr8:77554662	R4	89	12	2	1	1	0.518	0.38	1
164	chr8:77554662	R5	82	19	2	1	1	0.505	0.75	1
165	chr8:77554662	R6	92	9	2	1	1	0.485	0.44	1
166	chr8:77554662	R7	101	0	2	1	1	0.566	0.0	1
167	chr8:77554662	R8	73	28	2	1	1	0.479	0.98	1
168	chr8:77554662	R9	93	8	2	1	1	0.66	0.42	1
169	chr8:77554662	R10	101	0	2	1	1	0.632	0.0	1
170	chr5:106868792	R1	95	0	2	2	1	0.669	0.0	4
171	chr5:106868792	R2	86	9	2	2	1	0.646	0.69	4
172	chr5:106868792	R3	69	26	2	2	1	0.643	0.96	4
173	chr5:106868792	R4	86	9	2	2	1	0.518	0.44	4
174	chr5:106868792	R5	78	17	2	2	1	0.505	0.96	4
175	chr5:106868792	R6	95	0	2	2	1	0.485	0.0	4
176	chr5:106868792	R7	95	0	2	2	1	0.566	0.0	4
177	chr5:106868792	R8	86	9	2	2	1	0.479	0.6	4
178	chr5:106868792	R9	79	16	2	2	1	0.66	0.78	4
179	chr5:106868792	R10	95	0	2	2	1	0.632	0.0	4
180	chr12:46797708	R1	70	24	2	1	1	0.669	0.86	1
181	chr12:46797708	R2	67	27	2	1	1	0.646	0.74	1
182	chr12:46797708	R3	76	18	2	1	1	0.643	0.65	1
183	chr12:46797708	R4	85	9	2	1	1	0.518	0.38	1
184	chr12:46797708	R5	81	13	2	1	1	0.505	0.75	1
185	chr12:46797708	R6	80	14	2	1	1	0.485	0.44	1
186	chr12:46797708	R7	94	0	2	1	1	0.566	0.0	1
187	chr12:46797708	R8	72	22	2	1	1	0.479	0.98	1
188	chr12:46797708	R9	82	12	2	1	1	0.66	0.42	1
189	chr12:46797708	R10	94	0	2	1	1	0.632	0.0	1
190	chr4:9098394	R1	114	0	2	3	1	0.669	0.0	4
191	chr4:9098394	R2	104	10	2	3	1	0.646	0.69	4
192	chr4:9098394	R3	88	26	2	3	1	0.643	0.96	4
193	chr4:9098394	R4	105	9	2	3	1	0.518	0.44	4
194	chr4:9098394	R5	99	15	2	3	1	0.505	0.96	4
195	chr4:9098394	R6	114	0	2	3	1	0.485	0.0	4
196	chr4:9098394	R7	114	0	2	3	1	0.566	0.0	4
197	chr4:9098394	R8	101	13	2	3	1	0.479	0.6	4
198	chr4:9098394	R9	92	22	2	3	1	0.66	0.78	4
199	chr4:9098394	R10	103	11	2	3	1	0.632	0.58	4
200	chr3:20924683	R1	72	32	2	1	1	0.669	0.86	1
201	chr3:20924683	R2	83	21	2	1	1	0.646	0.74	1
202	chr3:20924683	R3	85	19	2	1	1	0.643	0.65	1
203	chr3:20924683	R4	93	11	2	1	1	0.518	0.38	1
204	chr3:20924683	R5	85	19	2	1	1	0.505	0.75	1
205	chr3:20924683	R6	98	6	2	1	1	0.485	0.44	1
206	chr3:20924683	R7	104	0	2	1	1	0.566	0.0	1
207	chr3:20924683	R8	85	19	2	1	1	0.479	0.98	1
208	chr3:20924683	R9	84	20	2	1	1	0.66	0.42	1
209	chr3:20924683	R10	104	0	2	1	1	0.632	0.0	1
210	chr14:23240552	R1	100	0	2	3	1	0.669	0.0	4
211	chr14:23240552	R2	90	10	2	3	1	0.646	0.69	4
212	chr14:23240552	R3	84	16	2	3	1	0.643	0.96	4
213	chr14:23240552	R4	93	7	2	3	1	0.518	0.44	4
214	chr14:23240552	R5	80	20	2	3	1	0.505	0.96	4
215	chr14:23240552	R6	100	0	2	3	1	0.485	0.0	4
216	chr14:23240552	R7	100	0	2	3	1	0.566	0.0	4
217	chr14:23240552	R8	91	9	2	3	1	0.479	0.6	4
218	chr14:23240552	R9	82	18	2	3	1	0.66	0.78	4
219	chr14:23240552	R10	92	8	2	3	1	0.632	0.58	4
220	chr20:28640663	R1	67	31	2	1	1	0.669	0.82	3
221	chr20:28640663	R2	81	17	2	1	1	0.646	0.58	3
222	chr20:28640663	R3	92	6	2	1	1	0.643	0.22	3
223	chr20:28640663	R4	94	4	2	1	1	0.518	0.3	3
224	chr20:28640663	R5	86	12	2	1	1	0.505	0.38	3
225	chr20:28640663	R6	98	0	2	1	1	0.485	0.0	3
226	chr20:28640663	R7	98	0	2	1	1	0.566	0.0	3
227	chr20:28640663	R8	98	0	2	1	1	0.479	0.0	3
228	chr20:28640663	R9	94	4	2	1	1	0.66	0.19	3
229	chr20:28640663	R10	98	0	2	1	1	0.632	0.0	3
230	chr9:117604922	R1	57	36	2	1	1	0.669	1.0	0
231	chr9:117604922	R2	59	34	2	1	1	0.646	1.0	0
232	chr9:117604922	R3	58	35	2	1	1	0.643	1.0	0
233	chr9:117604922	R4	69	24	2	1	1	0.518	1.0	0
234	chr9:117604922	R5	73	20	2	1	1	0.505	1.0	0
235	chr9:117604922	R6	76	17	2	1	1	0.485	1.0	0
236	chr9:117604922	R7	70	23	2	1	1	0.566	1.0	0
237	chr9:117604922	R8	73	20	2	1	1	0.479	1.0	0
238	chr9:117604922	R9	64	29	2	1	1	0.66	1.0	0
239	chr9:117604922	R10	93	0	2	1	1	0.632	0.0	0
240	chr8:99034007	R1	67	36	2	1	1	0.669	1.0	0
241	chr8:99034007	R2	64	39	2	1	1	0.646	1.0	0
242	chr8:99034007	R3	64	39	2	1	1	0.643	1.0	0
243	chr8:99034007	R4	69	34	2	1	1	0.518	1.0	0
244	chr8:99034007	R5	73	30	2	1	1	0.505	1.0	0
245	chr8:99034007	R6	83	20	2	1	1	0.485	1.0	0
246	chr8:99034007	R7	81	22	2	1	1	0.566	1.0	0
247	chr8:99034007	R8	80	23	2	1	1	0.479	1.0	0
248	chr8:99034007	R9	73	30	2	1	1	0.66	1.0	0
249	chr8:99034007	R10	74	29	2	1	1	0.632	1.0	0
250	chr3:103966577	R1	103	0	2	1	1	0.669	0.0	2
251	chr3:103966577	R2	103	0	2	1	1	0.646	0.0	2
252	chr3:103966577	R3	103	0	2	1	1	0.643	0.0	2
253	chr3:103966577	R4	103	0	2	1	1	0.518	0.0	2
254	chr3:103966577	R5	82	21	2	1	1	0.505	0.9	2
255	chr3:103966577	R6	96	7	2	1	1	0.485	0.32	2
256	chr3:103966577	R7	84	19	2	1	1	0.566	0.62	2
257	chr3:103966577	R8	81	22	2	1	1	0.479	0.83	2
258	chr3:103966577	R9	103	0	2	1	1	0.66	0.0	2
259	chr3:103966577	R10	89	14	2	1	1	0.632	0.46	2
260	chr3:59178157	R1	64	24	2	1	1	0.669	0.86	1
261	chr3:59178157	R2	88	0	2	1	1	0.646	0.0	1
262	chr3:59178157	R3	59	29	2	1	1	0.643	0.65	1
263	chr3:59178157	R4	79	9	2	1	1	0.518	0.38	1
264	chr3:59178157	R5	73	15	2	1	1	0.505	0.75	1
265	chr3:59178157	R6	82	6	2	1	1	0.485	0.44	1
266	chr3:59178157	R7	88	0	2	1	1	0.566	0.0	1
267	chr3:59178157	R8	73	15	2	1	1	0.479	0.98	1
268	chr3:59178157	R9	76	12	2	1	1	0.66	0.42	1
269	chr3:59178157	R10	88	0	2	1	1	0.632	0.0	1
270	chr20:14952064	R1	96	4	2	1	1	0.669	0.23	4
271	chr20:14952064	R2	100	0	2	1	1	0.646	0.0	4
272	chr20:14952064	R3	65	35	2	1	1	0.643	0.96	4
273	chr20:14952064	R4	89	11	2	1	1	0.518	0.44	4
274	chr20:14952064	R5	75	25	2	1	1	0.505	0.96	4
275	chr20:14952064	R6	100	0	2	1	1	0.485	0.0	4
276	chr20:14952064	R7	96	4	2	1	1	0.566	0.21	4
277	chr20:14952064	R8	100	0	2	1	1	0.479	0.0	4
278	chr20:14952064	R9	100	0	2	1	1	0.66	0.0	4
279	chr20:14952064	R10	86	14	2	1	1	0.632	0.58	4
280	chr14:40283645	R1	39	39	2	3	1	0.669	0.86	1
281	chr14:40283645	R2	47	31	2	3	1	0.646	0.74	1
282	chr14:40283645	R3	45	33	2	3	1	0.643	0.65	1
283	chr14:40283645	R4	55	23	2	3	1	0.518	0.38	1
284	chr14:40283645	R5	52	26	2	3	1	0.505	0.75	1
285	chr14:40283645	R6	64	14	2	3	1	0.485	0.44	1
286	chr14:40283645	R7	74	4	2	3	1	0.566	0.1	1
287	chr14:40283645	R8	41	37	2	3	1	0.479	0.98	1
288	chr14:40283645	R9	56	22	2	3	1	0.66	0.42	1
289	chr14:40283645	R10	78	0	2	3	1	0.632	0.0	1
290	chr2:167846963	R1	82	20	2	2	1	0.669	0.86	1
291	chr2:167846963	R2	85	17	2	2	1	0.646	0.74	1
292	chr2:167846963	R3	80	22	2	2	1	0.643	0.65	1
293	chr2:167846963	R4	93	9	2	2	1	0.518	0.38	1
294	chr2:167846963	R5	102	0	2	2	1	0.505	0.0	1
295	chr2:167846963	R6	89	13	2	2	1	0.485	0.44	1
296	chr2:167846963	R7	102	0	2	2	1	0.566	0.0	1
297	chr2:167846963	R8	79	23	2	2	1	0.479	0.98	1
298	chr2:167846963	R9	87	15	2	2	1	0.66	0.42	1
299	chr2:167846963	R10	102	0	2	2	1	0.632	0.0	1
300	chr11:28618802	R1	94	4	2	2	1	0.669	0.23	4
301	chr11:28618802	R2	89	9	2	2	1	0.646	0.69	4
302	chr11:28618802	R3	75	23	2	2	1	0.643	0.96	4
303	chr11:28618802	R4	92	6	2	2	1	0.518	0.44	4
304	chr11:28618802	R5	76	22	2	2	1	0.505	0.96	4
305	chr11:28618802	R6	98	0	2	2	1	0.485	0.0	4
306	chr11:28618802	R7	98	0	2	2	1	0.566	0.0	4
307	chr11:28618802	R8	87	11	2	2	1	0.479	0.6	4
308	chr11:28618802	R9	70	28	2	2	1	0.66	0.78	4
309	chr11:28618802	R10	84	14	2	2	1	0.632	0.58	4
310	chr1:29832784	R1	80	25	2	1	1	0.669	0.86	1
311	chr1:29832784	R2	105	0	2	1	1	0.646	0.0	1
312	chr1:29832784	R3	90	15	2	1	1	0.643	0.65	1
313	chr1:29832784	R4	92	13	2	1	1	0.518	0.38	1
314	chr1:29832784	R5	91	14	2	1	1	0.505	0.75	1
315	chr1:29832784	R6	91	14	2	1	1	0.485	0.44	1
316	chr1:29832784	R7	105	0	2	1	1	0.566	0.0	1
317	chr1:29832784	R8	85	20	2	1	1	0.479	0.98	1
318	chr1:29832784	R9	95	10	2	1	1	0.66	0.42	1
319	chr1:29832784	R10	105	0	2	1	1	0.632	0.0	1
320	chr18:44184081	R1	41	51	2	3	1	0.669	0.94	2
321	chr18:44184081	R2	82	10	2	3	1	0.646	0.15	2
322	chr18:44184081	R3	82	10	2	3	1	0.643	0.34	2
323	chr18:44184081	R4	91	1	2	3	1	0.518	0.12	2
324	chr18:44184081	R5	62	30	2	3	1	0.505	0.9	2
325	chr18:44184081	R6	78	14	2	3	1	0.485	0.32	2
326	chr18:44184081	R7	72	20	2	3	1	0.566	0.62	2
327	chr18:44184081	R8	53	39	2	3	1	0.479	0.83	2
328	chr18:44184081	R9	92	0	2	3	1	0.66	0.0	2
329	chr18:44184081	R10	92	0	2	3	1	0.632	0.0	2
330	chr8:109840107	R1	77	42	2	1	1	0.669	1.0	0
331	chr8:109840107	R2	86	33	2	1	1	0.646	1.0	0
332	chr8:109840107	R3	81	38	2	1	1	0.643	1.0	0
333	chr8:109840107	R4	89	30	2	1	1	0.518	1.0	0
334	chr8:109840107	R5	97	22	2	1	1	0.505	1.0	0
335	chr8:109840107	R6	84	35	2	1	1	0.485	1.0	0
336	chr8:109840107	R7	90	29	2	1	1	0.566	1.0	0
337	chr8:109840107	R8	119	0	2	1	1	0.479	0.0	0
338	chr8:109840107	R9	119	0	2	1	1	0.66	0.0	0
339	chr8:109840107	R10	91	28	2	1	1	0.632	1.0	0
340	chr10:55306109	R1	69	48	2	2	2	0.669	1.0	0
341	chr10:55306109	R2	117	0	2	2	2	0.646	0.0	0
342	chr10:55306109	R3	71	46	2	2	2	0.643	1.0	0
343	chr10:55306109	R4	77	40	2	2	2	0.518	1.0	0
344	chr10:55306109	R5	67	50	2	2	2	0.505	1.0	0
345	chr10:55306109	R6	79	38	2	2	2	0.485	1.0	0
346	chr10:55306109	R7	73	44	2	2	2	0.566	1.0	0
347	chr10:55306109	R8	76	41	2	2	2	0.479	1.0	0
348	chr10:55306109	R9	67	50	2	2	2	0.66	1.0	0
349	chr10:55306109	R10	72	45	2	2	2	0.632	1.0	0
350	chr13:100545482	R1	64	29	2	1	1	0.669	0.86	1
351	chr13:100545482	R2	65	28	2	1	1	0.646	0.74	1
352	chr13:100545482	R3	71	22	2	1	1	0.643	0.65	1
353	chr13:100545482	R4	83	10	2	1	1	0.518	0.38	1
354	chr13:100545482	R5	79	14	2	1	1	0.505	0.75	1
355	chr13:100545482	R6	76	17	2	1	1	0.485	0.44	1
356	chr13:100545482	R7	93	0	2	1	1	0.566	0.0	1
357	chr13:100545482	R8	73	20	2	1	1	0.479	0.98	1
358	chr13:100545482	R9	81	12	2	1	1	0.66	0.42	1
359	chr13:100545482	R10	93	0	2	1	1	0.632	0.0	1
360	chr11:45934507	R1	85	24	2	2	1	0.669	0.94	2
361	chr11:45934507	R2	109	0	2	2	1	0.646	0.0	2
362	chr11:45934507	R3	104	5	2	2	1	0.643	0.34	2
363	chr11:45934507	R4	109	0	2	2	1	0.518	0.0	2
364	chr11:45934507	R5	85	24	2	2	1	0.505	0.9	2
365	chr11:45934507	R6	109	0	2	2	1	0.485	0.0	2
366	chr11:45934507	R7	93	16	2	2	1	0.566	0.62	2
367	chr11:45934507	R8	91	18	2	2	1	0.479	0.83	2
368	chr11:45934507	R9	109	0	2	2	1	0.66	0.0	2
369	chr11:45934507	R10	97	12	2	2	1	0.632	0.46	2
370	chr1:173975356	R1	111	9	2	1	1	0.669	0.23	4
371	chr1:173975356	R2	85	35	2	1	1	0.646	0.69	4
372	chr1:173975356	R3	83	37	2	1	1	0.643	0.96	4
373	chr1:173975356	R4	103	17	2	1	1	0.518	0.44	4
374	chr1:173975356	R5	94	26	2	1	1	0.505	0.96	4
375	chr1:173975356	R6	120	0	2	1	1	0.485	0.0	4
376	chr1:173975356	R7	113	7	2	1	1	0.566	0.21	4
377	chr1:173975356	R8	101	19	2	1	1	0.479	0.6	4
378	chr1:173975356	R9	120	0	2	1	1	0.66	0.0	4
379	chr1:173975356	R10	97	23	2	1	1	0.632	0.58	4
380	chr12:60789416	R1	52	35	2	1	1	0.669	1.0	0
381	chr12:60789416	R2	65	22	2	1	1	0.646	1.0	0
382	chr12:60789416	R3	53	34	2	1	1	0.643	1.0	0
383	chr12:60789416	R4	64	23	2	1	1	0.518	1.0	0
384	chr12:60789416	R5	63	24	2	1	1	0.505	1.0	0
385	chr12:60789416	R6	87	0	2	1	1	0.485	0.0	0
386	chr12:60789416	R7	59	28	2	1	1	0.566	1.0	0
387	chr12:60789416	R8	64	23	2	1	1	0.479	1.0	0
388	chr12:60789416	R9	87	0	2	1	1	0.66	0.0	0
389	chr12:60789416	R10	65	22	2	1	1	0.632	1.0	0
390	chr4:168268696	R1	72	21	2	3	1	0.669	0.94	2
391	chr4:168268696	R2	93	0	2	3	1	0.646	0.0	2
392	chr4:168268696	R3	89	4	2	3	1	0.643	0.34	2
393	chr4:168268696	R4	93	0	2	3	1	0.518	0.0	2
394	chr4:168268696	R5	93	0	2	3	1	0.505	0.0	2
395	chr4:168268696	R6	88	5	2	3	1	0.485	0.32	2
396	chr4:168268696	R7	85	8	2	3	1	0.566	0.62	2
397	chr4:168268696	R8	82	11	2	3	1	0.479	0.83	2
398	chr4:168268696	R9	93	0	2	3	1	0.66	0.0	2
399	chr4:168268696	R10	83	10	2	3	1	0.632	0.46	2
400	chr5:97586735	R1	72	19	2	2	1	0.669	0.86	1
401	chr5:97586735	R2	71	20	2	2	1	0.646	0.74	1
402	chr5:97586735	R3	68	23	2	2	1	0.643	0.65	1
403	chr5:97586735	R4	82	9	2	2	1	0.518	0.38	1
404	chr5:97586735	R5	81	10	2	2	1	0.505	0.75	1
405	chr5:97586735	R6	83	8	2	2	1	0.485	0.44	1
406	chr5:97586735	R7	91	0	2	2	1	0.566	0.0	1
407	chr5:97586735	R8	67	24	2	2	1	0.479	0.98	1
408	chr5:97586735	R9	76	15	2	2	1	0.66	0.42	1
409	chr5:97586735	R10	91	0	2	2	1	0.632	0.0	1
410	chr2:168843952	R1	86	14	2	2	1	0.669	0.23	4
411	chr2:168843952	R2	76	24	2	2	1	0.646	0.69	4
412	chr2:168843952	R3	55	45	2	2	1	0.643	0.96	4
413	chr2:168843952	R4	79	21	2	2	1	0.518	0.44	4
414	chr2:168843952	R5	61	39	2	2	1	0.505	0.96	4
415	chr2:168843952	R6	95	5	2	2	1	0.485	0.15	4
416	chr2:168843952	R7	86	14	2	2	1	0.566	0.21	4
417	chr2:168843952	R8	80	20	2	2	1	0.479	0.6	4
418	chr2:168843952	R9	60	40	2	2	1	0.66	0.78	4
419	chr2:168843952	R10	72	28	2	2	1	0.632	0.58	4
420	chr2:140318757	R1	91	19	2	2	1	0.669	0.86	1
421	chr2:140318757	R2	82	28	2	2	1	0.646	0.74	1
422	chr2:140318757	R3	85	25	2	2	1	0.643	0.65	1
423	chr2:140318757	R4	101	9	2	2	1	0.518	0.38	1
424	chr2:140318757	R5	94	16	2	2	1	0.505	0.75	1
425	chr2:140318757	R6	100	10	2	2	1	0.485	0.44	1
426	chr2:140318757	R7	110	0	2	2	1	0.566	0.0	1
427	chr2:140318757	R8	96	14	2	2	1	0.479	0.98	1
428	chr2:140318757	R9	99	11	2	2	1	0.66	0.42	1
429	chr2:140318757	R10	110	0	2	2	1	0.632	0.0	1
430	chr2:241136379	R1	96	13	2	2	1	0.669	0.23	4
431	chr2:241136379	R2	93	16	2	2	1	0.646	0.69	4
432	chr2:241136379	R3	76	33	2	2	1	0.643	0.96	4
433	chr2:241136379	R4	94	15	2	2	1	0.518	0.44	4
434	chr2:241136379	R5	84	25	2	2	1	0.505	0.96	4
435	chr2:241136379	R6	109	0	2	2	1	0.485	0.0	4
436	chr2:241136379	R7	109	0	2	2	1	0.566	0.0	4
437	chr2:241136379	R8	98	11	2	2	1	0.479	0.6	4
438	chr2:241136379	R9	85	24	2	2	1	0.66	0.78	4
439	chr2:241136379	R10	92	17	2	2	1	0.632	0.58	4
440	chr18:60999127	R1	82	10	2	3	1	0.669	0.23	4
441	chr18:60999127	R2	48	44	2	3	1	0.646	0.69	4
442	chr18:60999127	R3	43	49	2	3	1	0.643	0.96	4
443	chr18:60999127	R4	68	24	2	3	1	0.518	0.44	4
444	chr18:60999127	R5	46	46	2	3	1	0.505	0.96	4
445	chr18:60999127	R6	80	12	2	3	1	0.485	0.15	4
446	chr18:60999127	R7	76	16	2	3	1	0.566	0.21	4
447	chr18:60999127	R8	68	24	2	3	1	0.479	0.6	4
448	chr18:60999127	R9	44	48	2	3	1	0.66	0.78	4
449	chr18:60999127	R10	63	29	2	3	1	0.632	0.58	4
450	chr6:131403076	R1	106	14	2	3	1	0.669	0.86	1
451	chr6:131403076	R2	106	14	2	3	1	0.646	0.74	1
452	chr6:131403076	R3	101	19	2	3	1	0.643	0.65	1
453	chr6:131403076	R4	113	7	2	3	1	0.518	0.38	1
454	chr6:131403076	R5	97	23	2	3	1	0.505	0.75	1
455	chr6:131403076	R6	113	7	2	3	1	0.485	0.44	1
456	chr6:131403076	R7	120	0	2	3	1	0.566	0.0	1
457	chr6:131403076	R8	101	19	2	3	1	0.479	0.98	1
458	chr6:131403076	R9	109	11	2	3	1	0.66	0.42	1
459	chr6:131403076	R10	120	0	2	3	1	0.632	0.0	1
460	chr6:125703136	R1	41	55	2	3	1	0.669	0.82	3
461	chr6:125703136	R2	67	29	2	3	1	0.646	0.58	3
462	chr6:125703136	R3	85	11	2	3	1	0.643	0.22	3
463	chr6:125703136	R4	83	13	2	3	1	0.518	0.3	3
464	chr6:125703136	R5	74	22	2	3	1	0.505	0.38	3
465	chr6:125703136	R6	76	20	2	3	1	0.485	0.29	3
466	chr6:125703136	R7	96	0	2	3	1	0.566	0.0	3
467	chr6:125703136	R8	96	0	2	3	1	0.479	0.0	3
468	chr6:125703136	R9	87	9	2	3	1	0.66	0.19	3
469	chr6:125703136	R10	96	0	2	3	1	0.632	0.0	3
470	chr4:69961159	R1	51	57	2	3	1	0.669	1.0	0
471	chr4:69961159	R2	108	0	2	3	1	0.646	0.0	0
472	chr4:69961159	R3	48	60	2	3	1	0.643	1.0	0
473	chr4:69961159	R4	57	51	2	3	1	0.518	1.0	0
474	chr4:69961159	R5	48	60	2	3	1	0.505	1.0	0
475	chr4:69961159	R6	53	55	2	3	1	0.485	1.0	0
476	chr4:69961159	R7	55	53	2	3	1	0.566	1.0	0
477	chr4:69961159	R8	56	52	2	3	1	0.479	1.0	0
478	chr4:69961159	R9	46	62	2	3	1	0.66	1.0	0
479	chr4:69961159	R10	45	63	2	3	1	0.632	1.0	0
480	chr2:123298571	R1	95	0	2	2	1	0.669	0.0	0
481	chr2:123298571	R2	52	43	2	2	1	0.646	1.0	0
482	chr2:123298571	R3	44	51	2	2	1	0.643	1.0	0
483	chr2:123298571	R4	57	38	2	2	1	0.518	1.0	0
484	chr2:123298571	R5	51	44	2	2	1	0.505	1.0	0
485	chr2:123298571	R6	59	36	2	2	1	0.485	1.0	0
486	chr2:123298571	R7	51	44	2	2	1	0.566	1.0	0
487	chr2:123298571	R8	56	39	2	2	1	0.479	1.0	0
488	chr2:123298571	R9	48	47	2	2	1	0.66	1.0	0
489	chr2:123298571	R10	52	43	2	2	1	0.632	1.0	0
490	chr16:3463036	R1	92	0	2	3	1	0.669	0.0	4
491	chr16:3463036	R2	85	7	2	3	1	0.646	0.69	4
492	chr16:3463036	R3	70	22	2	3	1	0.643	0.96	4
493	chr16:3463036	R4	85	7	2	3	1	0.518	0.44	4
494	chr16:3463036	R5	69	23	2	3	1	0.505	0.96	4
495	chr16:3463036	R6	92	0	2	3	1	0.485	0.0	4
496	chr16:3463036	R7	92	0	2	3	1	0.566	0.0	4
497	chr16:3463036	R8	86	6	2	3	1	0.479	0.6	4
498	chr16:3463036	R9	83	9	2	3	1	0.66	0.78	4
499	chr16:3463036	R10	92	0	2	3	1	0.632	0.0	4
500	chr2:185890044	R1	101	22	2	2	1	0.669	0.82	3
501	chr2:185890044	R2	112	11	2	2	1	0.646	0.58	3
502	chr2:185890044	R3	114	9	2	2	1	0.643	0.22	3
503	chr2:185890044	R4	120	3	2	2	1	0.518	0.3	3
504	chr2:185890044	R5	114	9	2	2	1	0.505	0.38	3
505	chr2:185890044	R6	110	13	2	2	1	0.485	0.29	3
506	chr2:185890044	R7	123	0	2	2	1	0.566	0.0	3
507	chr2:185890044	R8	123	0	2	2	1	0.479	0.0	3
508	chr2:185890044	R9	123	0	2	2	1	0.66	0.0	3
509	chr2:185890044	R10	123	0	2	2	1	0.632	0.0	3
510	chr2:208162104	R1	57	37	2	2	1	0.669	0.86	1
511	chr2:208162104	R2	61	33	2	2	1	0.646	0.74	1
512	chr2:208162104	R3	66	28	2	2	1	0.643	0.65	1
513	chr2:208162104	R4	77	17	2	2	1	0.518	0.38	1
514	chr2:208162104	R5	64	30	2	2	1	0.505	0.75	1
515	chr2:208162104	R6	76	18	2	2	1	0.485	0.44	1
516	chr2:208162104	R7	94	0	2	2	1	0.566	0.0	1
517	chr2:208162104	R8	49	45	2	2	1	0.479	0.98	1
518	chr2:208162104	R9	77	17	2	2	1	0.66	0.42	1
519	chr2:208162104	R10	94	0	2	2	1	0.632	0.0	1
520	chr1:230242512	R1	57	33	2	1	1	0.669	1.0	0
521	chr1:230242512	R2	58	32	2	1	1	0.646	1.0	0
522	chr1:230242512	R3	64	26	2	1	1	0.643	1.0	0
523	chr1:230242512	R4	64	26	2	1	1	0.518	1.0	0
524	chr1:230242512	R5	67	23	2	1	1	0.505	1.0	0
525	chr1:230242512	R6	65	25	2	1	1	0.485	1.0	0
526	chr1:230242512	R7	60	30	2	1	1	0.566	1.0	0
527	chr1:230242512	R8	73	17	2	1	1	0.479	1.0	0
528	chr1:230242512	R9	63	27	2	1	1	0.66	1.0	0
529	chr1:230242512	R10	66	24	2	1	1	0.632	1.0	0
530	chr1:36957	R1	75	0	2	1	1	0.669	0.0	3
531	chr1:36957	R2	60	15	2	1	1	0.646	0.58	3
532	chr1:36957	R3	66	9	2	1	1	0.643	0.22	3
533	chr1:36957	R4	74	1	2	1	1	0.518	0.3	3
534	chr1:36957	R5	70	5	2	1	1	0.505	0.38	3
535	chr1:36957	R6	75	0	2	1	1	0.485	0.0	3
536	chr1:36957	R7	75	0	2	1	1	0.566	0.0	3
537	chr1:36957	R8	75	0	2	1	1	0.479	0.0	3
538	chr1:36957	R9	73	2	2	1	1	0.66	0.19	3
539	chr1:36957	R10	75	0	2	1	1	0.632	0.0	3
540	chr7:110363934	R1	94	12	2	1	1	0.669	0.23	4
541	chr7:110363934	R2	106	0	2	1	1	0.646	0.0	4
542	chr7:110363934	R3	68	38	2	1	1	0.643	0.96	4
543	chr7:110363934	R4	98	8	2	1	1	0.518	0.44	4
544	chr7:110363934	R5	106	0	2	1	1	0.505	0.0	4
545	chr7:110363934	R6	106	0	2	1	1	0.485	0.0	4
546	chr7:110363934	R7	99	7	2	1	1	0.566	0.21	4
547	chr7:110363934	R8	96	10	2	1	1	0.479	0.6	4
548	chr7:110363934	R9	82	24	2	1	1	0.66	0.78	4
549	chr7:110363934	R10	80	26	2	1	1	0.632	0.58	4
550	chr9:48378240	R1	100	7	2	1	1	0.669	0.23	4
551	chr9:48378240	R2	107	0	2	1	1	0.646	0.0	4
552	chr9:48378240	R3	107	0	2	1	1	0.643	0.0	4
553	chr9:48378240	R4	98	9	2	1	1	0.518	0.44	4
554	chr9:48378240	R5	80	27	2	1	1	0.505	0.96	4
555	chr9:48378240	R6	107	0	2	1	1	0.485	0.0	4
556	chr9:48378240	R7	107	0	2	1	1	0.566	0.0	4
557	chr9:48378240	R8	107	0	2	1	1	0.479	0.0	4
558	chr9:48378240	R9	80	27	2	1	1	0.66	0.78	4
559	chr9:48378240	R10	90	17	2	1	1	0.632	0.58	4
560	chr3:122488054	R1	114	10	2	1	1	0.669	0.23	4
561	chr3:122488054	R2	124	0	2	1	1	0.646	0.0	4
562	chr3:122488054	R3	95	29	2	1	1	0.643	0.96	4
563	chr3:122488054	R4	111	13	2	1	1	0.518	0.44	4
564	chr3:122488054	R5	92	32	2	1	1	0.505	0.96	4
565	chr3:122488054	R6	124	0	2	1	1	0.485	0.0	4
566	chr3:122488054	R7	114	10	2	1	1	0.566	0.21	4
567	chr3:122488054	R8	97	27	2	1	1	0.479	0.6	4
568	chr3:122488054	R9	96	28	2	1	1	0.66	0.78	4
569	chr3:122488054	R10	106	18	2	1	1	0.632	0.58	4
570	chr3:34257595	R1	56	38	2	1	1	0.669	1.0	0
571	chr3:34257595	R2	60	34	2	1	1	0.646	1.0	0
572	chr3:34257595	R3	64	30	2	1	1	0.643	1.0	0
573	chr3:34257595	R4	75	19	2	1	1	0.518	1.0	0
574	chr3:34257595	R5	69	25	2	1	1	0.505	1.0	0
575	chr3:34257595	R6	72	22	2	1	1	0.485	1.0	0
576	chr3:34257595	R7	68	26	2	1	1	0.566	1.0	0
577	chr3:34257595	R8	78	16	2	1	1	0.479	1.0	0
578	chr3:34257595	R9	66	28	2	1	1	0.66	1.0	0
579	chr3:34257595	R10	56	38	2	1	1	0.632	1.0	0
580	chr3:42081997	R1	54	29	2	1	1	0.669	0.94	2
581	chr3:42081997	R2	83	0	2	1	1	0.646	0.0	2
582	chr3:42081997	R3	73	10	2	1	1	0.643	0.34	2
583	chr3:42081997	R4	83	0	2	1	1	0.518	0.0	2
584	chr3:42081997	R5	59	24	2	1	1	0.505	0.9	2
585	chr3:42081997	R6	73	10	2	1	1	0.485	0.32	2
586	chr3:42081997	R7	64	19	2	1	1	0.566	0.62	2
587	chr3:42081997	R8	63	20	2	1	1	0.479	0.83	2
588	chr3:42081997	R9	83	0	2	1	1	0.66	0.0	2
589	chr3:42081997	R10	72	11	2	1	1	0.632	0.46	2
590	chr12:14278444	R1	53	24	2	1	1	0.669	0.86	1
591	chr12:14278444	R2	54	23	2	1	1	0.646	0.74	1
592	chr12:14278444	R3	60	17	2	1	1	0.643	0.65	1
593	chr12:14278444	R4	67	10	2	1	1	0.518	0.38	1
594	chr12:14278444	R5	70	7	2	1	1	0.505	0.75	1
595	chr12:14278444	R6	70	7	2	1	1	0.485	0.44	1
596	chr12:14278444	R7	77	0	2	1	1	0.566	0.0	1
597	chr12:14278444	R8	62	15	2	1	1	0.479	0.98	1
598	chr12:14278444	R9	65	12	2	1	1	0.66	0.42	1
599	chr12:14278444	R10	77	0	2	1	1	0.632	0.0	1
600	chr13:107826850	R1	61	24	2	1	1	0.669	0.86	1
601	chr13:107826850	R2	85	0	2	1	1	0.646	0.0	1
602	chr13:107826850	R3	73	12	2	1	1	0.643	0.65	1
603	chr13:107826850	R4	76	9	2	1	1	0.518	0.38	1
604	chr13:107826850	R5	73	12	2	1	1	0.505	0.75	1
605	chr13:107826850	R6	85	0	2	1	1	0.485	0.0	1
606	chr13:107826850	R7	85	0	2	1	1	0.566	0.0	1
607	chr13:107826850	R8	66	19	2	1	1	0.479	0.98	1
608	chr13:107826850	R9	69	16	2	1	1	0.66	0.42	1
609	chr13:107826850	R10	85	0	2	1	1	0.632	0.0	1
610	chr3:186713632	R1	63	24	2	1	1	0.669	0.86	1
611	chr3:186713632	R2	76	11	2	1	1	0.646	0.74	1
612	chr3:186713632	R3	87	0	2	1	1	0.643	0.0	1
613	chr3:186713632	R4	79	8	2	1	1	0.518	0.38	1
614	chr3:186713632	R5	64	23	2	1	1	0.505	0.75	1
615	chr3:186713632	R6	87	0	2	1	1	0.485	0.0	1
616	chr3:186713632	R7	87	0	2	1	1	0.566	0.0	1
617	chr3:186713632	R8	72	15	2	1	1	0.479	0.98	1
618	chr3:186713632	R9	79	8	2	1	1	0.66	0.42	1
619	chr3:186713632	R10	87	0	2	1	1	0.632	0.0	1
620	chr21:43178323	R1	45	50	2	1	0	0.669	0.86	1
621	chr21:43178323	R2	62	33	2	1	0	0.646	0.74	1
622	chr21:43178323	R3	66	29	2	1	0	0.643	0.65	1
623	chr21:43178323	R4	91	4	2	1	0	0.518	0.38	1
624	chr21:43178323	R5	81	14	2	1	0	0.505	0.75	1
625	chr21:43178323	R6	77	18	2	1	0	0.485	0.44	1
626	chr21:43178323	R7	95	0	2	1	0	0.566	0.0	1
627	chr21:43178323	R8	59	36	2	1	0	0.479	0.98	1
628	chr21:43178323	R9	76	19	2	1	0	0.66	0.42	1
629	chr21:43178323	R10	95	0	2	1	0	0.632	0.0	1
630	chr14:87489855	R1	79	12	2	3	1	0.669	0.86	1
631	chr14:87489855	R2	74	17	2	3	1	0.646	0.74	1
632	chr14:87489855	R3	82	9	2	3	1	0.643	0.65	1
633	chr14:87489855	R4	82	9	2	3	1	0.518	0.38	1
634	chr14:87489855	R5	82	9	2	3	1	0.505	0.75	1
635	chr14:87489855	R6	83	8	2	3	1	0.485	0.44	1
636	chr14:87489855	R7	91	0	2	3	1	0.566	0.0	1
637	chr14:87489855	R8	81	10	2	3	1	0.479	0.98	1
638	chr14:87489855	R9	91	0	2	3	1	0.66	0.0	1
639	chr14:87489855	R10	91	0	2	3	1	0.632	0.0	1
640	chr2:3381176	R1	46	46	2	2	1	0.669	1.0	0
641	chr2:3381176	R2	48	44	2	2	1	0.646	1.0	0
642	chr2:3381176	R3	40	52	2	2	1	0.643	1.0	0
643	chr2:3381176	R4	54	38	2	2	1	0.518	1.0	0
644	chr2:3381176	R5	57	35	2	2	1	0.505	1.0	0
645	chr2:3381176	R6	56	36	2	2	1	0.485	1.0	0
646	chr2:3381176	R7	48	44	2	2	1	0.566	1.0	0
647	chr2:3381176	R8	59	33	2	2	1	0.479	1.0	0
648	chr2:3381176	R9	50	42	2	2	1	0.66	1.0	0
649	chr2:3381176	R10	45	47	2	2	1	0.632	1.0	0
650	chr5:4300280	R1	74	31	2	2	1	0.669	0.94	2
651	chr5:4300280	R2	105	0	2	2	1	0.646	0.0	2
652	chr5:4300280	R3	99	6	2	2	1	0.643	0.34	2
653	chr5:4300280	R4	105	0	2	2	1	0.518	0.0	2
654	chr5:4300280	R5	86	19	2	2	1	0.505	0.9	2
655	chr5:4300280	R6	100	5	2	2	1	0.485	0.32	2
656	chr5:4300280	R7	87	18	2	2	1	0.566	0.62	2
657	chr5:4300280	R8	87	18	2	2	1	0.479	0.83	2
658	chr5:4300280	R9	105	0	2	2	1	0.66	0.0	2
659	chr5:4300280	R10	98	7	2	2	1	0.632	0.46	2
660	chr1:75534511	R1	65	30	2	1	1	0.669	1.0	0
661	chr1:75534511	R2	68	27	2	1	1	0.646	1.0	0
662	chr1:75534511	R3	73	22	2	1	1	0.643	1.0	0
663	chr1:75534511	R4	65	30	2	1	1	0.518	1.0	0
664	chr1:75534511	R5	73	22	2	1	1	0.505	1.0	0
665	chr1:75534511	R6	70	25	2	1	1	0.485	1.0	0
666	chr1:75534511	R7	71	24	2	1	1	0.566	1.0	0
667	chr1:75534511	R8	95	0	2	1	1	0.479	0.0	0
668	chr1:75534511	R9	66	29	2	1	1	0.66	1.0	0
669	chr1:75534511	R10	66	29	2	1	1	0.632	1.0	0
670	chr15:85782351	R1	80	14	2	1	0	0.669	0.23	4
671	chr15:85782351	R2	62	32	2	1	0	0.646	0.69	4
672	chr15:85782351	R3	51	43	2	1	0	0.643	0.96	4
673	chr15:85782351	R4	86	8	2	1	0	0.518	0.44	4
674	chr15:85782351	R5	94	0	2	1	0	0.505	0.0	4
675	chr15:85782351	R6	94	0	2	1	0	0.485	0.0	4
676	chr15:85782351	R7	86	8	2	1	0	0.566	0.21	4
677	chr15:85782351	R8	76	18	2	1	0	0.479	0.6	4
678	chr15:85782351	R9	56	38	2	1	0	0.66	0.78	4
679	chr15:85782351	R10	71	23	2	1	0	0.632	0.58	4
680	chr18:39356354	R1	79	20	2	3	1	0.669	0.86	1
681	chr18:39356354	R2	99	0	2	3	1	0.646	0.0	1
682	chr18:39356354	R3	89	10	2	3	1	0.643	0.65	1
683	chr18:39356354	R4	91	8	2	3	1	0.518	0.38	1
684	chr18:39356354	R5	80	19	2	3	1	0.505	0.75	1
685	chr18:39356354	R6	92	7	2	3	1	0.485	0.44	1
686	chr18:39356354	R7	99	0	2	3	1	0.566	0.0	1
687	chr18:39356354	R8	82	17	2	3	1	0.479	0.98	1
688	chr18:39356354	R9	91	8	2	3	1	0.66	0.42	1
689	chr18:39356354	R10	99	0	2	3	1	0.632	0.0	1
690	chr5:58466739	R1	106	5	2	2	1	0.669	0.23	4
691	chr5:58466739	R2	93	18	2	2	1	0.646	0.69	4
692	chr5:58466739	R3	84	27	2	2	1	0.643	0.96	4
693	chr5:58466739	R4	96	15	2	2	1	0.518	0.44	4
694	chr5:58466739	R5	89	22	2	2	1	0.505	0.96	4
695	chr5:58466739	R6	111	0	2	2	1	0.485	0.0	4
696	chr5:58466739	R7	111	0	2	2	1	0.566	0.0	4
697	chr5:58466739	R8	104	7	2	2	1	0.479	0.6	4
698	chr5:58466739	R9	92	19	2	2	1	0.66	0.78	4
699	chr5:58466739	R10	111	0	2	2	1	0.632	0.0	4
700	chr2:185038655	R1	68	22	2	2	1	0.669	1.0	0
701	chr2:185038655	R2	90	0	2	2	1	0.646	0.0	0
702	chr2:185038655	R3	68	22	2	2	1	0.643	1.0	0
703	chr2:185038655	R4	71	19	2	2	1	0.518	1.0	0
704	chr2:185038655	R5	68	22	2	2	1	0.505	1.0	0
705	chr2:185038655	R6	73	17	2	2	1	0.485	1.0	0
706	chr2:185038655	R7	90	0	2	2	1	0.566	0.0	0
707	chr2:185038655	R8	72	18	2	2	1	0.479	1.0	0
708	chr2:185038655	R9	72	18	2	2	1	0.66	1.0	0
709	chr2:185038655	R10	71	19	2	2	1	0.632	1.0	0
710	chr3:7982870	R1	87	5	2	1	1	0.669	0.23	4
711	chr3:7982870	R2	74	18	2	1	1	0.646	0.69	4
712	chr3:7982870	R3	68	24	2	1	1	0.643	0.96	4
713	chr3:7982870	R4	81	11	2	1	1	0.518	0.44	4
714	chr3:7982870	R5	92	0	2	1	1	0.505	0.0	4
715	chr3:7982870	R6	92	0	2	1	1	0.485	0.0	4
716	chr3:7982870	R7	85	7	2	1	1	0.566	0.21	4
717	chr3:7982870	R8	72	20	2	1	1	0.479	0.6	4
718	chr3:7982870	R9	64	28	2	1	1	0.66	0.78	4
719	chr3:7982870	R10	72	20	2	1	1	0.632	0.58	4
720	chr19:57170723	R1	47	56	2	3	1	0.669	1.0	0
721	chr19:57170723	R2	103	0	2	3	1	0.646	0.0	0
722	chr19:57170723	R3	48	55	2	3	1	0.643	1.0	0
723	chr19:57170723	R4	53	50	2	3	1	0.518	1.0	0
724	chr19:57170723	R5	47	56	2	3	1	0.505	1.0	0
725	chr19:57170723	R6	51	52	2	3	1	0.485	1.0	0
726	chr19:57170723	R7	52	51	2	3	1	0.566	1.0	0
727	chr19:57170723	R8	48	55	2	3	1	0.479	1.0	0
728	chr19:57170723	R9	103	0	2	3	1	0.66	0.0	0
729	chr19:57170723	R10	50	53	2	3	1	0.632	1.0	0
730	chr13:82042460	R1	69	28	2	1	1	0.669	0.86	1
731	chr13:82042460	R2	75	22	2	1	1	0.646	0.74	1
732	chr13:82042460	R3	75	22	2	1	1	0.643	0.65	1
733	chr13:82042460	R4	89	8	2	1	1	0.518	0.38	1
734	chr13:82042460	R5	75	22	2	1	1	0.505	0.75	1
735	chr13:82042460	R6	85	12	2	1	1	0.485	0.44	1
736	chr13:82042460	R7	97	0	2	1	1	0.566	0.0	1
737	chr13:82042460	R8	76	21	2	1	1	0.479	0.98	1
738	chr13:82042460	R9	75	22	2	1	1	0.66	0.42	1
739	chr13:82042460	R10	97	0	2	1	1	0.632	0.0	1
740	chr14:22651807	R1	92	13	2	3	1	0.669	1.0	0
741	chr14:22651807	R2	79	26	2	3	1	0.646	1.0	0
742	chr14:22651807	R3	83	22	2	3	1	0.643	1.0	0
743	chr14:22651807	R4	81	24	2	3	1	0.518	1.0	0
744	chr14:22651807	R5	78	27	2	3	1	0.505	1.0	0
745	chr14:22651807	R6	91	14	2	3	1	0.485	1.0	0
746	chr14:22651807	R7	90	15	2	3	1	0.566	1.0	0
747	chr14:22651807	R8	90	15	2	3	1	0.479	1.0	0
748	chr14:22651807	R9	89	16	2	3	1	0.66	1.0	0
749	chr14:22651807	R10	87	18	2	3	1	0.632	1.0	0
750	chr5:44369568	R1	64	24	2	2	1	0.669	1.0	0
751	chr5:44369568	R2	65	23	2	2	1	0.646	1.0	0
752	chr5:44369568	R3	60	28	2	2	1	0.643	1.0	0
753	chr5:44369568	R4	71	17	2	2	1	0.518	1.0	0
754	chr5:44369568	R5	75	13	2	2	1	0.505	1.0	0
755	chr5:44369568	R6	68	20	2	2	1	0.485	1.0	0
756	chr5:44369568	R7	88	0	2	2	1	0.566	0.0	0
757	chr5:44369568	R8	68	20	2	2	1	0.479	1.0	0
758	chr5:44369568	R9	60	28	2	2	1	0.66	1.0	0
759	chr5:44369568	R10	62	26	2	2	1	0.632	1.0	0
760	chr2:176457341	R1	92	21	2	2	1	0.669	0.86	1
761	chr2:176457341	R2	113	0	2	2	1	0.646	0.0	1
762	chr2:176457341	R3	96	17	2	2	1	0.643	0.65	1
763	chr2:176457341	R4	105	8	2	2	1	0.518	0.38	1
764	chr2:176457341	R5	92	21	2	2	1	0.505	0.75	1
765	chr2:176457341	R6	113	0	2	2	1	0.485	0.0	1
766	chr2:176457341	R7	113	0	2	2	1	0.566	0.0	1
767	chr2:176457341	R8	91	22	2	2	1	0.479	0.98	1
768	chr2:176457341	R9	95	18	2	2	1	0.66	0.42	1
769	chr2:176457341	R10	113	0	2	2	1	0.632	0.0	1
770	chr2:105406487	R1	90	0	2	2	1	0.669	0.0	1
771	chr2:105406487	R2	90	0	2	2	1	0.646	0.0	1
772	chr2:105406487	R3	77	13	2	2	1	0.643	0.65	1
773	chr2:105406487	R4	81	9	2	2	1	0.518	0.38	1
774	chr2:105406487	R5	74	16	2	2	1	0.505	0.75	1
775	chr2:105406487	R6	90	0	2	2	1	0.485	0.0	1
776	chr2:105406487	R7	90	0	2	2	1	0.566	0.0	1
777	chr2:105406487	R8	74	16	2	2	1	0.479	0.98	1
778	chr2:105406487	R9	79	11	2	2	1	0.66	0.42	1
779	chr2:105406487	R10	90	0	2	2	1	0.632	0.0	1
780	chr13:47097676	R1	72	33	2	1	1	0.669	1.0	0
781	chr13:47097676	R2	105	0	2	1	1	0.646	0.0	0
782	chr13:47097676	R3	67	38	2	1	1	0.643	1.0	0
783	chr13:47097676	R4	75	30	2	1	1	0.518	1.0	0
784	chr13:47097676	R5	105	0	2	1	1	0.505	0.0	0
785	chr13:47097676	R6	76	29	2	1	1	0.485	1.0	0
786	chr13:47097676	R7	72	33	2	1	1	0.566	1.0	0
787	chr13:47097676	R8	80	25	2	1	1	0.479	1.0	0
788	chr13:47097676	R9	68	37	2	1	1	0.66	1.0	0
789	chr13:47097676	R10	66	39	2	1	1	0.632	1.0	0
790	chr4:140938300	R1	56	50	2	3	1	0.669	0.86	1
791	chr4:140938300	R2	106	0	2	3	1	0.646	0.0	1
792	chr4:140938300	R3	63	43	2	3	1	0.643	0.65	1
793	chr4:140938300	R4	91	15	2	3	1	0.518	0.38	1
794	chr4:140938300	R5	68	38	2	3	1	0.505	0.75	1
795	chr4:140938300	R6	84	22	2	3	1	0.485	0.44	1
796	chr4:140938300	R7	101	5	2	3	1	0.566	0.1	1
797	chr4:140938300	R8	62	44	2	3	1	0.479	0.98	1
798	chr4:140938300	R9	106	0	2	3	1	0.66	0.0	1
799	chr4:140938300	R10	106	0	2	3	1	0.632	0.0	1
800	chr1:33221962	R1	66	21	2	1	1	0.669	0.86	1
801	chr1:33221962	R2	60	27	2	1	1	0.646	0.74	1
802	chr1:33221962	R3	65	22	2	1	1	0.643	0.65	1
803	chr1:33221962	R4	82	5	2	1	1	0.518	0.38	1
804	chr1:33221962	R5	71	16	2	1	1	0.505	0.75	1
805	chr1:33221962	R6	76	11	2	1	1	0.485	0.44	1
806	chr1:33221962	R7	87	0	2	1	1	0.566	0.0	1
807	chr1:33221962	R8	87	0	2	1	1	0.479	0.0	1
808	chr1:33221962	R9	78	9	2	1	1	0.66	0.42	1
809	chr1:33221962	R10	87	0	2	1	1	0.632	0.0	1
810	chr10:32109501	R1	59	46	2	2	2	0.669	1.0	0
811	chr10:32109501	R2	105	0	2	2	2	0.646	0.0	0
812	chr10:32109501	R3	64	41	2	2	2	0.643	1.0	0
813	chr10:32109501	R4	105	0	2	2	2	0.518	0.0	0
814	chr10:32109501	R5	72	33	2	2	2	0.505	1.0	0
815	chr10:32109501	R6	105	0	2	2	2	0.485	0.0	0
816	chr10:32109501	R7	71	34	2	2	2	0.566	1.0	0
817	chr10:32109501	R8	78	27	2	2	2	0.479	1.0	0
818	chr10:32109501	R9	105	0	2	2	2	0.66	0.0	0
819	chr10:32109501	R10	105	0	2	2	2	0.632	0.0	0
820	chr16:81254498	R1	73	23	2	3	1	0.669	0.86	1
821	chr16:81254498	R2	76	20	2	3	1	0.646	0.74	1
822	chr16:81254498	R3	84	12	2	3	1	0.643	0.65	1
823	chr16:81254498	R4	92	4	2	3	1	0.518	0.38	1
824	chr16:81254498	R5	83	13	2	3	1	0.505	0.75	1
825	chr16:81254498	R6	96	0	2	3	1	0.485	0.0	1
826	chr16:81254498	R7	96	0	2	3	1	0.566	0.0	1
827	chr16:81254498	R8	84	12	2	3	1	0.479	0.98	1
828	chr16:81254498	R9	88	8	2	3	1	0.66	0.42	1
829	chr16:81254498	R10	96	0	2	3	1	0.632	0.0	1
830	chr2:169744143	R1	46	51	2	2	1	0.669	1.0	0
831	chr2:169744143	R2	52	45	2	2	1	0.646	1.0	0
832	chr2:169744143	R3	54	43	2	2	1	0.643	1.0	0
833	chr2:169744143	R4	57	40	2	2	1	0.518	1.0	0
834	chr2:169744143	R5	63	34	2	2	1	0.505	1.0	0
835	chr2:169744143	R6	66	31	2	2	1	0.485	1.0	0
836	chr2:169744143	R7	63	34	2	2	1	0.566	1.0	0
837	chr2:169744143	R8	59	38	2	2	1	0.479	1.0	0
838	chr2:169744143	R9	97	0	2	2	1	0.66	0.0	0
839	chr2:169744143	R10	50	47	2	2	1	0.632	1.0	0
840	chr2:219533877	R1	114	0	2	2	1	0.669	0.0	1
841	chr2:219533877	R2	93	21	2	2	1	0.646	0.74	1
842	chr2:219533877	R3	91	23	2	2	1	0.643	0.65	1
843	chr2:219533877	R4	106	8	2	2	1	0.518	0.38	1
844	chr2:219533877	R5	96	18	2	2	1	0.505	0.75	1
845	chr2:219533877	R6	101	13	2	2	1	0.485	0.44	1
846	chr2:219533877	R7	114	0	2	2	1	0.566	0.0	1
847	chr2:219533877	R8	91	23	2	2	1	0.479	0.98	1
848	chr2:219533877	R9	98	16	2	2	1	0.66	0.42	1
849	chr2:219533877	R10	114	0	2	2	1	0.632	0.0	1
850	chr12:76333192	R1	56	32	2	1	1	0.669	0.94	2
851	chr12:76333192	R2	88	0	2	1	1	0.646	0.0	2
852	chr12:76333192	R3	75	13	2	1	1	0.643	0.34	2
853	chr12:76333192	R4	88	0	2	1	1	0.518	0.0	2
854	chr12:76333192	R5	65	23	2	1	1	0.505	0.9	2
855	chr12:76333192	R6	83	5	2	1	1	0.485	0.32	2
856	chr12:76333192	R7	88	0	2	1	1	0.566	0.0	2
857	chr12:76333192	R8	75	13	2	1	1	0.479	0.83	2
858	chr12:76333192	R9	88	0	2	1	1	0.66	0.0	2
859	chr12:76333192	R10	70	18	2	1	1	0.632	0.46	2
860	chr13:74493718	R1	100	4	2	1	1	0.669	0.23	4
861	chr13:74493718	R2	84	20	2	1	1	0.646	0.69	4
862	chr13:74493718	R3	69	35	2	1	1	0.643	0.96	4
863	chr13:74493718	R4	90	14	2	1	1	0.518	0.44	4
864	chr13:74493718	R5	79	25	2	1	1	0.505	0.96	4
865	chr13:74493718	R6	104	0	2	1	1	0.485	0.0	4
866	chr13:74493718	R7	103	1	2	1	1	0.566	0.21	4
867	chr13:74493718	R8	88	16	2	1	1	0.479	0.6	4
868	chr13:74493718	R9	76	28	2	1	1	0.66	0.78	4
869	chr13:74493718	R10	75	29	2	1	1	0.632	0.58	4
870	chr9:77243631	R1	55	31	2	1	1	0.669	1.0	0
871	chr9:77243631	R2	59	27	2	1	1	0.646	1.0	0
872	chr9:77243631	R3	61	25	2	1	1	0.643	1.0	0
873	chr9:77243631	R4	65	21	2	1	1	0.518	1.0	0
874	chr9:77243631	R5	65	21	2	1	1	0.505	1.0	0
875	chr9:77243631	R6	59	27	2	1	1	0.485	1.0	0
876	chr9:77243631	R7	61	25	2	1	1	0.566	1.0	0
877	chr9:77243631	R8	65	21	2	1	1	0.479	1.0	0
878	chr9:77243631	R9	51	35	2	1	1	0.66	1.0	0
879	chr9:77243631	R10	57	29	2	1	1	0.632	1.0	0
880	chr5:3170603	R1	85	22	2	2	1	0.669	0.86	1
881	chr5:3170603	R2	86	21	2	2	1	0.646	0.74	1
882	chr5:3170603	R3	84	23	2	2	1	0.643	0.65	1
883	chr5:3170603	R4	100	7	2	2	1	0.518	0.38	1
884	chr5:3170603	R5	107	0	2	2	1	0.505	0.0	1
885	chr5:3170603	R6	98	9	2	2	1	0.485	0.44	1
886	chr5:3170603	R7	107	0	2	2	1	0.566	0.0	1
887	chr5:3170603	R8	89	18	2	2	1	0.479	0.98	1
888	chr5:3170603	R9	98	9	2	2	1	0.66	0.42	1
889	chr5:3170603	R10	107	0	2	2	1	0.632	0.0	1
890	chr7:61750443	R1	73	28	2	1	1	0.669	0.86	1
891	chr7:61750443	R2	101	0	2	1	1	0.646	0.0	1
892	chr7:61750443	R3	83	18	2	1	1	0.643	0.65	1
893	chr7:61750443	R4	93	8	2	1	1	0.518	0.38	1
894	chr7:61750443	R5	86	15	2	1	1	0.505	0.75	1
895	chr7:61750443	R6	90	11	2	1	1	0.485	0.44	1
896	chr7:61750443	R7	101	0	2	1	1	0.566	0.0	1
897	chr7:61750443	R8	81	20	2	1	1	0.479	0.98	1
898	chr7:61750443	R9	85	16	2	1	1	0.66	0.42	1
899	chr7:61750443	R10	101	0	2	1	1	0.632	0.0	1
900	chr14:97176515	R1	93	21	2	3	1	0.669	1.0	0
901	chr14:97176515	R2	114	0	2	3	1	0.646	0.0	0
902	chr14:97176515	R3	100	14	2	3	1	0.643	1.0	0
903	chr14:97176515	R4	90	24	2	3	1	0.518	1.0	0
904	chr14:97176515	R5	114	0	2	3	1	0.505	0.0	0
905	chr14:97176515	R6	94	20	2	3	1	0.485	1.0	0
906	chr14:97176515	R7	89	25	2	3	1	0.566	1.0	0
907	chr14:97176515	R8	98	16	2	3	1	0.479	1.0	0
908	chr14:97176515	R9	86	28	2	3	1	0.66	1.0	0
909	chr14:97176515	R10	89	25	2	3	1	0.632	1.0	0
910	chr6:114810893	R1	41	46	2	3	1	0.669	0.86	1
911	chr6:114810893	R2	55	32	2	3	1	0.646	0.74	1
912	chr6:114810893	R3	87	0	2	3	1	0.643	0.0	1
913	chr6:114810893	R4	71	16	2	3	1	0.518	0.38	1
914	chr6:114810893	R5	54	33	2	3	1	0.505	0.75	1
915	chr6:114810893	R6	62	25	2	3	1	0.485	0.44	1
916	chr6:114810893	R7	82	5	2	3	1	0.566	0.1	1
917	chr6:114810893	R8	53	34	2	3	1	0.479	0.98	1
918	chr6:114810893	R9	67	20	2	3	1	0.66	0.42	1
919	chr6:114810893	R10	87	0	2	3	1	0.632	0.0	1
920	chr7:4780351	R1	71	30	2	1	1	0.669	0.86	1
921	chr7:4780351	R2	71	30	2	1	1	0.646	0.74	1
922	chr7:4780351	R3	82	19	2	1	1	0.643	0.65	1
923	chr7:4780351	R4	92	9	2	1	1	0.518	0.38	1
924	chr7:4780351	R5	78	23	2	1	1	0.505	0.75	1
925	chr7:4780351	R6	88	13	2	1	1	0.485	0.44	1
926	chr7:4780351	R7	101	0	2	1	1	0.566	0.0	1
927	chr7:4780351	R8	78	23	2	1	1	0.479	0.98	1
928	chr7:4780351	R9	91	10	2	1	1	0.66	0.42	1
929	chr7:4780351	R10	101	0	2	1	1	0.632	0.0	1
930	chr10:45117115	R1	67	22	2	2	2	0.669	0.82	3
931	chr10:45117115	R2	65	24	2	2	2	0.646	0.58	3
932	chr10:45117115	R3	84	5	2	2	2	0.643	0.22	3
933	chr10:45117115	R4	79	10	2	2	2	0.518	0.3	3
934	chr10:45117115	R5	75	14	2	2	2	0.505	0.38	3
935	chr10:45117115	R6	78	11	2	2	2	0.485	0.29	3
936	chr10:45117115	R7	89	0	2	2	2	0.566	0.0	3
937	chr10:45117115	R8	89	0	2	2	2	0.479	0.0	3
938	chr10:45117115	R9	79	10	2	2	2	0.66	0.19	3
939	chr10:45117115	R10	89	0	2	2	2	0.632	0.0	3
940	chr11:29052385	R1	45	35	2	2	1	0.669	0.94	2
941	chr11:29052385	R2	75	5	2	2	1	0.646	0.15	2
942	chr11:29052385	R3	62	18	2	2	1	0.643	0.34	2
943	chr11:29052385	R4	80	0	2	2	1	0.518	0.0	2
944	chr11:29052385	R5	51	29	2	2	1	0.505	0.9	2
945	chr11:29052385	R6	72	8	2	2	1	0.485	0.32	2
946	chr11:29052385	R7	80	0	2	2	1	0.566	0.0	2
947	chr11:29052385	R8	60	20	2	2	1	0.479	0.83	2
948	chr11:29052385	R9	80	0	2	2	1	0.66	0.0	2
949	chr11:29052385	R10	62	18	2	2	1	0.632	0.46	2
950	chr6:154609824	R1	35	70	2	3	1	0.669	0.94	2
951	chr6:154609824	R2	99	6	2	3	1	0.646	0.15	2
952	chr6:154609824	R3	89	16	2	3	1	0.643	0.34	2
953	chr6:154609824	R4	95	10	2	3	1	0.518	0.12	2
954	chr6:154609824	R5	64	41	2	3	1	0.505	0.9	2
955	chr6:154609824	R6	81	24	2	3	1	0.485	0.32	2
956	chr6:154609824	R7	70	35	2	3	1	0.566	0.62	2
957	chr6:154609824	R8	70	35	2	3	1	0.479	0.83	2
958	chr6:154609824	R9	105	0	2	3	1	0.66	0.0	2
959	chr6:154609824	R10	105	0	2	3	1	0.632	0.0	2
960	chr16:3996461	R1	44	45	2	3	1	0.669	0.86	1
961	chr16:3996461	R2	41	48	2	3	1	0.646	0.74	1
962	chr16:3996461	R3	55	34	2	3	1	0.643	0.65	1
963	chr16:3996461	R4	73	16	2	3	1	0.518	0.38	1
964	chr16:3996461	R5	59	30	2	3	1	0.505	0.75	1
965	chr16:3996461	R6	70	19	2	3	1	0.485	0.44	1
966	chr16:3996461	R7	85	4	2	3	1	0.566	0.1	1
967	chr16:3996461	R8	53	36	2	3	1	0.479	0.98	1
968	chr16:3996461	R9	89	0	2	3	1	0.66	0.0	1
969	chr16:3996461	R10	89	0	2	3	1	0.632	0.0	1
970	chr20:10778855	R1	123	6	2	1	1	0.669	0.23	4
971	chr20:10778855	R2	107	22	2	1	1	0.646	0.69	4
972	chr20:10778855	R3	87	42	2	1	1	0.643	0.96	4
973	chr20:10778855	R4	116	13	2	1	1	0.518	0.44	4
974	chr20:10778855	R5	96	33	2	1	1	0.505	0.96	4
975	chr20:10778855	R6	129	0	2	1	1	0.485	0.0	4
976	chr20:10778855	R7	125	4	2	1	1	0.566	0.21	4
977	chr20:10778855	R8	111	18	2	1	1	0.479	0.6	4
978	chr20:10778855	R9	102	27	2	1	1	0.66	0.78	4
979	chr20:10778855	R10	110	19	2	1	1	0.632	0.58	4
980	chr7:14934991	R1	68	31	2	1	1	0.669	0.82	3
981	chr7:14934991	R2	76	23	2	1	1	0.646	0.58	3
982	chr7:14934991	R3	91	8	2	1	1	0.643	0.22	3
983	chr7:14934991	R4	94	5	2	1	1	0.518	0.3	3
984	chr7:14934991	R5	88	11	2	1	1	0.505	0.38	3
985	chr7:14934991	R6	99	0	2	1	1	0.485	0.0	3
986	chr7:14934991	R7	99	0	2	1	1	0.566	0.0	3
987	chr7:14934991	R8	99	0	2	1	1	0.479	0.0	3
988	chr7:14934991	R9	92	7	2	1	1	0.66	0.19	3
989	chr7:14934991	R10	99	0	2	1	1	0.632	0.0	3
990	chr8:884988	R1	90	27	2	1	1	0.669	0.86	1
991	chr8:884988	R2	91	26	2	1	1	0.646	0.74	1
992	chr8:884988	R3	87	30	2	1	1	0.643	0.65	1
993	chr8:884988	R4	117	0	2	1	1	0.518	0.0	1
994	chr8:884988	R5	97	20	2	1	1	0.505	0.75	1
995	chr8:884988	R6	111	6	2	1	1	0.485	0.44	1
996	chr8:884988	R7	117	0	2	1	1	0.566	0.0	1
997	chr8:884988	R8	89	28	2	1	1	0.479	0.98	1
998	chr8:884988	R9	117	0	2	1	1	0.66	0.0	1
999	chr8:884988	R10	117	0	2	1	1	0.632	0.0	1
