mutation	region	ref_counts	alt_counts	normal_cn	major_cn	minor_cn	tumour_purity	multiplicity	ccf	cluster
chr3:25012420	R1	82	5	2	1	1	0.62	1	0.32	1
chr3:25012420	R2	66	21	2	1	1	0.547	1	0.68	1
chr17:48524588	R1	101	0	2	2	2	0.62	2	0	2
chr17:48524588	R2	85	16	2	2	2	0.547	2	0.45	2
chr21:23994744	R1	58	51	2	1	0	0.62	1	1.0	0
chr21:23994744	R2	70	39	2	1	0	0.547	1	1.0	0
chr6:21754203	R1	100	0	2	3	1	0.62	1	0	2
chr6:21754203	R2	89	11	2	3	1	0.547	1	0.45	2
chr6:76398351	R1	67	15	2	3	1	0.62	1	1.0	0
chr6:76398351	R2	72	10	2	3	1	0.547	1	1.0	0
chr8:140424149	R1	73	36	2	1	1	0.62	1	1.0	0
chr8:140424149	R2	76	33	2	1	1	0.547	1	1.0	0
chr1:57009276	R1	94	7	2	1	1	0.62	1	0.32	1
chr1:57009276	R2	83	18	2	1	1	0.547	1	0.68	1
chr1:210995184	R1	89	0	2	1	1	0.62	1	0	2
chr1:210995184	R2	80	9	2	1	1	0.547	1	0.45	2
chr6:96661931	R1	89	4	2	3	1	0.62	1	0.32	1
chr6:96661931	R2	84	9	2	3	1	0.547	1	0.68	1
chr9:35365163	R1	68	34	2	1	1	0.62	1	1.0	0
chr9:35365163	R2	77	25	2	1	1	0.547	1	1.0	0
chr13:71658463	R1	110	0	2	1	1	0.62	1	0	2
chr13:71658463	R2	94	16	2	1	1	0.547	1	0.45	2
chr20:2004950	R1	72	7	2	1	1	0.62	1	0.21	3
chr20:2004950	R2	79	0	2	1	1	0.547	1	0	3
chr2:8829299	R1	51	57	2	2	1	0.62	2	1.0	0
chr2:8829299	R2	71	37	2	2	1	0.547	2	1.0	0
chr2:42986078	R1	102	12	2	2	1	0.62	2	0.21	3
chr2:42986078	R2	114	0	2	2	1	0.547	2	0	3
chr2:83183971	R1	103	0	2	2	1	0.62	1	0	3
chr2:83183971	R2	103	0	2	2	1	0.547	1	0	3
chr5:148809593	R1	106	0	2	2	1	0.62	2	0	2
chr5:148809593	R2	83	23	2	2	1	0.547	2	0.45	2
chr11:108718070	R1	83	17	2	2	1	0.62	1	0.59	4
chr11:108718070	R2	100	0	2	2	1	0.547	1	0	4
chr14:93769626	R1	99	0	2	3	1	0.62	1	0	2
chr14:93769626	R2	97	2	2	3	1	0.547	1	0.45	2
chr2:44128832	R1	107	0	2	2	1	0.62	2	0	2
chr2:44128832	R2	86	21	2	2	1	0.547	2	0.45	2
chr11:55301481	R1	90	12	2	2	1	0.62	2	0.21	3
chr11:55301481	R2	102	0	2	2	1	0.547	2	0	3
chr7:81181945	R1	87	9	2	1	1	0.62	1	0.21	3
chr7:81181945	R2	96	0	2	1	1	0.547	1	0	3
chr10:74484173	R1	81	14	2	2	2	0.62	2	0.32	1
chr10:74484173	R2	75	20	2	2	2	0.547	2	0.68	1
chr13:95648219	R1	92	2	2	1	1	0.62	1	0.21	3
chr13:95648219	R2	94	0	2	1	1	0.547	1	0	3
chr3:66704164	R1	101	0	2	1	1	0.62	1	0	2
chr3:66704164	R2	92	9	2	1	1	0.547	1	0.45	2
chr11:71870382	R1	73	30	2	2	1	0.62	2	0.59	4
chr11:71870382	R2	96	7	2	2	1	0.547	2	0.2	4
chr10:18151317	R1	99	0	2	2	2	0.62	2	0	2
chr10:18151317	R2	82	17	2	2	2	0.547	2	0.45	2
chr6:42232237	R1	111	7	2	3	1	0.62	3	0.1	2
chr6:42232237	R2	91	27	2	3	1	0.547	3	0.45	2
chr9:133933836	R1	83	5	2	1	1	0.62	1	0.21	3
chr9:133933836	R2	88	0	2	1	1	0.547	1	0	3
chr3:58000670	R1	97	0	2	1	1	0.62	1	0	2
chr3:58000670	R2	83	14	2	1	1	0.547	1	0.45	2
chr16:78084747	R1	107	3	2	3	1	0.62	3	0.1	2
chr16:78084747	R2	84	26	2	3	1	0.547	3	0.45	2
chr6:107276439	R1	101	3	2	3	1	0.62	1	0.32	1
chr6:107276439	R2	86	18	2	3	1	0.547	1	0.68	1
chr4:74660005	R1	86	2	2	3	1	0.62	3	0.1	2
chr4:74660005	R2	66	22	2	3	1	0.547	3	0.45	2
chr8:91066487	R1	101	0	2	1	1	0.62	1	0	2
chr8:91066487	R2	88	13	2	1	1	0.547	1	0.45	2
chr17:4410103	R1	92	0	2	2	2	0.62	2	0	2
chr17:4410103	R2	81	11	2	2	2	0.547	2	0.45	2
chr12:15302287	R1	107	9	2	1	1	0.62	1	0.21	3
chr12:15302287	R2	116	0	2	1	1	0.547	1	0	3
chr12:85505995	R1	93	7	2	1	1	0.62	1	0.32	1
chr12:85505995	R2	79	21	2	1	1	0.547	1	0.68	1
chr5:101305904	R1	114	0	2	2	1	0.62	1	0	2
chr5:101305904	R2	105	9	2	2	1	0.547	1	0.45	2
chr12:62855144	R1	93	10	2	1	1	0.62	1	0.32	1
chr12:62855144	R2	81	22	2	1	1	0.547	1	0.68	1
chr3:23802306	R1	81	7	2	1	1	0.62	1	0.21	3
chr3:23802306	R2	88	0	2	1	1	0.547	1	0	3
chr2:185386984	R1	88	0	2	2	1	0.62	1	0	2
chr2:185386984	R2	80	8	2	2	1	0.547	1	0.45	2
chr10:82418871	R1	109	0	2	2	2	0.62	2	0	2
chr10:82418871	R2	92	17	2	2	2	0.547	2	0.45	2
chr10:113620194	R1	111	0	2	2	2	0.62	2	0	2
chr10:113620194	R2	94	17	2	2	2	0.547	2	0.45	2
chr10:129071870	R1	98	0	2	2	2	0.62	2	0	2
chr10:129071870	R2	84	14	2	2	2	0.547	2	0.45	2
chr4:29458611	R1	98	9	2	3	1	0.62	3	0.1	2
chr4:29458611	R2	75	32	2	3	1	0.547	3	0.45	2
chr15:25241781	R1	86	13	2	1	0	0.62	1	0.21	3
chr15:25241781	R2	99	0	2	1	0	0.547	1	0	3
chr12:78374881	R1	105	0	2	1	1	0.62	1	0	2
chr12:78374881	R2	89	16	2	1	1	0.547	1	0.45	2
chr14:76671804	R1	91	18	2	3	1	0.62	3	0.32	1
chr14:76671804	R2	69	40	2	3	1	0.547	3	0.68	1
chr8:106231185	R1	87	7	2	1	1	0.62	1	0.21	3
chr8:106231185	R2	94	0	2	1	1	0.547	1	0	3
chr9:107705539	R1	90	0	2	1	1	0.62	1	0	2
chr9:107705539	R2	85	5	2	1	1	0.547	1	0.45	2
chr14:103888572	R1	106	4	2	3	1	0.62	3	0.1	2
chr14:103888572	R2	77	33	2	3	1	0.547	3	0.45	2
chr19:14999202	R1	99	0	2	3	1	0.62	1	0	2
chr19:14999202	R2	94	5	2	3	1	0.547	1	0.45	2
chr7:105942332	R1	111	4	2	1	1	0.62	1	0.21	3
chr7:105942332	R2	115	0	2	1	1	0.547	1	0	3
chr11:58861981	R1	91	0	2	2	1	0.62	1	0	2
chr11:58861981	R2	79	12	2	2	1	0.547	1	0.45	2
chr14:39159773	R1	92	7	2	3	1	0.62	1	0.32	1
chr14:39159773	R2	87	12	2	3	1	0.547	1	0.68	1
chr7:152754160	R1	115	0	2	1	1	0.62	1	0	2
chr7:152754160	R2	100	15	2	1	1	0.547	1	0.45	2
chr2:127228590	R1	99	7	2	2	1	0.62	1	0.32	1
chr2:127228590	R2	93	13	2	2	1	0.547	1	0.68	1
chr12:73655991	R1	91	9	2	1	1	0.62	1	0.32	1
chr12:73655991	R2	81	19	2	1	1	0.547	1	0.68	1
chr12:131286953	R1	85	2	2	1	1	0.62	1	0.21	3
chr12:131286953	R2	87	0	2	1	1	0.547	1	0	3
chr3:119006140	R1	94	0	2	1	1	0.62	1	0	2
chr3:119006140	R2	84	10	2	1	1	0.547	1	0.45	2
chr10:129504862	R1	93	0	2	2	2	0.62	2	0	2
chr10:129504862	R2	72	21	2	2	2	0.547	2	0.45	2
chr12:78344177	R1	80	12	2	1	1	0.62	1	0.32	1
chr12:78344177	R2	73	19	2	1	1	0.547	1	0.68	1
chr9:71564537	R1	79	9	2	1	1	0.62	1	0.32	1
chr9:71564537	R2	68	20	2	1	1	0.547	1	0.68	1
chr12:72949777	R1	91	0	2	1	1	0.62	1	0	2
chr12:72949777	R2	77	14	2	1	1	0.547	1	0.45	2
chr20:36067739	R1	77	20	2	1	1	0.62	1	0.59	4
chr20:36067739	R2	91	6	2	1	1	0.547	1	0.2	4
chr10:5860971	R1	57	39	2	2	2	0.62	2	1.0	0
chr10:5860971	R2	59	37	2	2	2	0.547	2	1.0	0
chr7:147520810	R1	84	17	2	1	1	0.62	1	0.59	4
chr7:147520810	R2	91	10	2	1	1	0.547	1	0.2	4
chr10:121365034	R1	88	10	2	2	2	0.62	2	0.32	1
chr10:121365034	R2	70	28	2	2	2	0.547	2	0.68	1
chr12:85310410	R1	84	5	2	1	1	0.62	1	0.32	1
chr12:85310410	R2	72	17	2	1	1	0.547	1	0.68	1
chr1:88213257	R1	84	10	2	1	1	0.62	1	0.32	1
chr1:88213257	R2	73	21	2	1	1	0.547	1	0.68	1
chr6:136516859	R1	107	0	2	3	1	0.62	1	0	2
chr6:136516859	R2	104	3	2	3	1	0.547	1	0.45	2
chr17:32077092	R1	89	26	2	2	2	0.62	2	0.59	4
chr17:32077092	R2	107	8	2	2	2	0.547	2	0.2	4
chr10:51440829	R1	96	15	2	2	2	0.62	2	0.32	1
chr10:51440829	R2	89	22	2	2	2	0.547	2	0.68	1
chr9:29551075	R1	74	22	2	1	1	0.62	1	0.59	4
chr9:29551075	R2	94	2	2	1	1	0.547	1	0.2	4
chr15:14255161	R1	89	0	2	1	0	0.62	1	0	2
chr15:14255161	R2	76	13	2	1	0	0.547	1	0.45	2
chr5:89530503	R1	74	30	2	2	1	0.62	2	0.59	4
chr5:89530503	R2	91	13	2	2	1	0.547	2	0.2	4
chr7:26790131	R1	66	33	2	1	1	0.62	1	1.0	0
chr7:26790131	R2	66	33	2	1	1	0.547	1	1.0	0
chr14:96804310	R1	81	20	2	3	1	0.62	1	1.0	0
chr14:96804310	R2	83	18	2	3	1	0.547	1	1.0	0
chr3:184442161	R1	106	0	2	1	1	0.62	1	0	2
chr3:184442161	R2	92	14	2	1	1	0.547	1	0.45	2
chr11:72056088	R1	105	7	2	2	1	0.62	1	0.32	1
chr11:72056088	R2	97	15	2	2	1	0.547	1	0.68	1
chr2:226917788	R1	108	9	2	2	1	0.62	1	0.32	1
chr2:226917788	R2	104	13	2	2	1	0.547	1	0.68	1
chr14:67288122	R1	74	12	2	3	1	0.62	3	0.32	1
chr14:67288122	R2	48	38	2	3	1	0.547	3	0.68	1
chr3:155716392	R1	99	0	2	1	1	0.62	1	0	2
chr3:155716392	R2	88	11	2	1	1	0.547	1	0.45	2
chr9:121296721	R1	81	6	2	1	1	0.62	1	0.32	1
chr9:121296721	R2	69	18	2	1	1	0.547	1	0.68	1
chr10:104361906	R1	100	24	2	2	2	0.62	2	0.59	4
chr10:104361906	R2	111	13	2	2	2	0.547	2	0.2	4
chr12:118118674	R1	100	0	2	1	1	0.62	1	0	2
chr12:118118674	R2	87	13	2	1	1	0.547	1	0.45	2
chr16:6515383	R1	107	0	2	3	1	0.62	1	0	2
chr16:6515383	R2	99	8	2	3	1	0.547	1	0.45	2
chr13:31312210	R1	99	7	2	1	1	0.62	1	0.32	1
chr13:31312210	R2	75	31	2	1	1	0.547	1	0.68	1
chr17:27594252	R1	89	0	2	2	2	0.62	2	0	2
chr17:27594252	R2	74	15	2	2	2	0.547	2	0.45	2
chr22:25240750	R1	81	12	2	1	1	0.62	1	0.21	3
chr22:25240750	R2	93	0	2	1	1	0.547	1	0	3
chr6:20405763	R1	85	19	2	3	1	0.62	1	0.59	4
chr6:20405763	R2	104	0	2	3	1	0.547	1	0	4
chr2:141929892	R1	88	0	2	2	1	0.62	1	0	2
chr2:141929892	R2	79	9	2	2	1	0.547	1	0.45	2
chr19:19880705	R1	98	0	2	3	1	0.62	1	0	2
chr19:19880705	R2	84	14	2	3	1	0.547	1	0.45	2
chr11:63478776	R1	80	21	2	2	1	0.62	1	1.0	0
chr11:63478776	R2	79	22	2	2	1	0.547	1	1.0	0
chr4:48159869	R1	84	0	2	3	1	0.62	1	0	3
chr4:48159869	R2	84	0	2	3	1	0.547	1	0	3
chr18:54032613	R1	103	0	2	3	1	0.62	1	0	2
chr18:54032613	R2	95	8	2	3	1	0.547	1	0.45	2
chr7:138415290	R1	93	4	2	1	1	0.62	1	0.32	1
chr7:138415290	R2	75	22	2	1	1	0.547	1	0.68	1
chr8:46498942	R1	84	5	2	1	1	0.62	1	0.21	3
chr8:46498942	R2	89	0	2	1	1	0.547	1	0	3
chr3:150576938	R1	93	18	2	1	1	0.62	1	0.59	4
chr3:150576938	R2	105	6	2	1	1	0.547	1	0.2	4
chr1:113691050	R1	73	0	2	1	1	0.62	1	0	2
chr1:113691050	R2	67	6	2	1	1	0.547	1	0.45	2
chr6:79606894	R1	61	13	2	3	1	0.62	3	0.32	1
chr6:79606894	R2	48	26	2	3	1	0.547	3	0.68	1
