mut_id,public,depth1,maf1,depth2,maf2,depth3,maf3,depth4,maf4,depth5,maf5,depth6,maf6,depth7,maf7,depth8,maf8
0,1,36,0.5555555555555556,76,0.5921052631578947,49,0.4897959183673469,178,0.5168539325842697,88,0.625,55,0.43636363636363634,99,0.48484848484848486,44,0.5909090909090909
0,1,77,0.5714285714285714,65,0.6307692307692307,89,0.42696629213483145,127,0.5433070866141733,79,0.5822784810126582,99,0.494949494949495,71,0.43661971830985913,103,0.4563106796116505
0,1,50,0.48,24,0.4166666666666667,39,0.46153846153846156,72,0.5416666666666666,73,0.5068493150684932,125,0.44,126,0.6349206349206349,37,0.4864864864864865
0,1,147,0.5510204081632653,111,0.46846846846846846,191,0.5235602094240838,58,0.41379310344827586,24,0.5833333333333334,33,0.5151515151515151,30,0.5,21,0.6190476190476191
0,1,67,0.5373134328358209,93,0.5483870967741935,34,0.6176470588235294,139,0.4676258992805755,96,0.5416666666666666,33,0.45454545454545453,42,0.5238095238095238,170,0.5235294117647059
0,1,64,0.53125,16,0.5625,83,0.37349397590361444,149,0.47651006711409394,127,0.5433070866141733,142,0.43661971830985913,28,0.5357142857142857,144,0.5069444444444444
0,1,107,0.4766355140186916,149,0.4966442953020134,23,0.6956521739130435,81,0.37037037037037035,69,0.5797101449275363,52,0.4423076923076923,231,0.5194805194805194,72,0.5277777777777778
0,1,135,0.45185185185185184,118,0.5084745762711864,130,0.43846153846153846,219,0.5114155251141552,99,0.5050505050505051,42,0.6904761904761905,81,0.5185185185185185,52,0.4423076923076923
0,1,150,0.52,58,0.5862068965517241,177,0.4350282485875706,17,0.29411764705882354,101,0.42574257425742573,30,0.5333333333333333,49,0.4897959183673469,76,0.5789473684210527
0,1,60,0.5333333333333333,45,0.5111111111111111,16,0.375,155,0.5032258064516129,171,0.5555555555555556,78,0.47435897435897434,75,0.5066666666666667,28,0.5
0,1,88,0.48863636363636365,31,0.41935483870967744,64,0.5,92,0.5217391304347826,89,0.5280898876404494,55,0.5272727272727272,36,0.5,48,0.3541666666666667
0,1,19,0.42105263157894735,15,0.5333333333333333,54,0.35185185185185186,229,0.4890829694323144,30,0.4666666666666667,40,0.35,70,0.5857142857142857,35,0.5142857142857142
0,1,80,0.55,45,0.5111111111111111,31,0.41935483870967744,45,0.6444444444444445,44,0.5681818181818182,31,0.5806451612903226,108,0.49074074074074076,47,0.44680851063829785
0,1,43,0.5116279069767442,59,0.4915254237288136,54,0.42592592592592593,52,0.4423076923076923,54,0.46296296296296297,70,0.5428571428571428,71,0.5633802816901409,183,0.5027322404371585
0,1,31,0.45161290322580644,77,0.5714285714285714,85,0.43529411764705883,256,0.5390625,141,0.48226950354609927,42,0.5238095238095238,83,0.4819277108433735,31,0.5483870967741935
0,1,77,0.4805194805194805,55,0.4,184,0.45652173913043476,45,0.4888888888888889,16,0.4375,29,0.5517241379310345,88,0.45454545454545453,36,0.5277777777777778
0,1,58,0.3620689655172414,44,0.4318181818181818,56,0.5357142857142857,68,0.4852941176470588,45,0.5555555555555556,70,0.6285714285714286,38,0.5263157894736842,95,0.3894736842105263
0,1,84,0.39285714285714285,147,0.5170068027210885,72,0.4166666666666667,99,0.5757575757575758,126,0.4126984126984127,123,0.5284552845528455,163,0.5153374233128835,107,0.4392523364485981
0,1,44,0.4772727272727273,58,0.5517241379310345,21,0.5238095238095238,120,0.425,99,0.5151515151515151,122,0.5327868852459017,83,0.5060240963855421,40,0.4
0,1,68,0.4264705882352941,156,0.44871794871794873,135,0.5481481481481482,47,0.48936170212765956,106,0.46226415094339623,63,0.5555555555555556,66,0.4090909090909091,147,0.4897959183673469
0,1,72,0.5277777777777778,111,0.4594594594594595,66,0.4393939393939394,97,0.5773195876288659,158,0.4873417721518987,16,0.375,94,0.5425531914893617,35,0.5714285714285714
0,1,59,0.4745762711864407,168,0.5059523809523809,34,0.47058823529411764,97,0.5051546391752577,108,0.5740740740740741,58,0.5172413793103449,160,0.475,163,0.5153374233128835
0,1,89,0.550561797752809,132,0.45454545454545453,33,0.6363636363636364,138,0.5797101449275363,39,0.46153846153846156,37,0.43243243243243246,96,0.6666666666666666,34,0.38235294117647056
0,1,22,0.45454545454545453,15,0.4,66,0.5909090909090909,29,0.4827586206896552,109,0.4036697247706422,90,0.4888888888888889,122,0.5409836065573771,41,0.5853658536585366
0,1,147,0.5170068027210885,25,0.36,190,0.4421052631578947,16,0.4375,283,0.49823321554770317,76,0.5789473684210527,53,0.5849056603773585,67,0.44776119402985076
0,1,20,0.7,55,0.4909090909090909,76,0.47368421052631576,24,0.4583333333333333,277,0.4693140794223827,102,0.5392156862745098,77,0.4935064935064935,270,0.5037037037037037
0,1,87,0.41379310344827586,166,0.4578313253012048,28,0.5,137,0.5036496350364964,16,0.6875,106,0.46226415094339623,117,0.5641025641025641,83,0.5301204819277109
0,1,97,0.4742268041237113,83,0.6265060240963856,64,0.5,172,0.47674418604651164,71,0.6338028169014085,41,0.4634146341463415,156,0.4807692307692308,117,0.5042735042735043
0,1,20,0.55,181,0.5138121546961326,67,0.5522388059701493,68,0.47058823529411764,27,0.5925925925925926,72,0.3888888888888889,52,0.5192307692307693,15,0.4666666666666667
0,1,29,0.4827586206896552,78,0.5769230769230769,93,0.5913978494623656,106,0.5471698113207547,95,0.5578947368421052,147,0.46938775510204084,70,0.5428571428571428,102,0.4803921568627451
0,1,143,0.4965034965034965,35,0.5714285714285714,92,0.4673913043478261,31,0.4838709677419355,24,0.4583333333333333,83,0.5060240963855421,33,0.36363636363636365,70,0.5857142857142857
0,1,87,0.4367816091954023,37,0.43243243243243246,44,0.5454545454545454,48,0.3958333333333333,37,0.5675675675675675,100,0.44,41,0.4146341463414634,17,0.29411764705882354
0,1,102,0.46078431372549017,187,0.5347593582887701,108,0.4722222222222222,137,0.49635036496350365,59,0.4915254237288136,88,0.5795454545454546,72,0.4583333333333333,79,0.3924050632911392
0,1,50,0.48,101,0.5247524752475248,25,0.2,30,0.5333333333333333,38,0.4473684210526316,72,0.5138888888888888,73,0.547945205479452,60,0.5333333333333333
0,1,77,0.4935064935064935,63,0.47619047619047616,47,0.5106382978723404,29,0.3448275862068966,88,0.5568181818181818,75,0.5466666666666666,23,0.34782608695652173,115,0.5478260869565217
0,1,56,0.5714285714285714,41,0.6341463414634146,60,0.5166666666666667,17,0.5882352941176471,39,0.5384615384615384,150,0.5266666666666666,54,0.5740740740740741,39,0.4358974358974359
0,1,129,0.5581395348837209,96,0.4791666666666667,93,0.5376344086021505,63,0.49206349206349204,67,0.44776119402985076,109,0.4954128440366973,147,0.5034013605442177,192,0.4427083333333333
0,1,39,0.46153846153846156,60,0.5166666666666667,84,0.5595238095238095,53,0.5849056603773585,43,0.46511627906976744,33,0.48484848484848486,59,0.4915254237288136,16,0.5625
0,1,32,0.46875,187,0.47593582887700536,139,0.4676258992805755,106,0.4528301886792453,20,0.7,57,0.5087719298245614,36,0.5555555555555556,267,0.48314606741573035
0,1,16,0.5,168,0.4880952380952381,15,0.5333333333333333,58,0.5344827586206896,64,0.53125,33,0.5757575757575758,19,0.631578947368421,96,0.5208333333333334
0,1,131,0.5267175572519084,38,0.5526315789473685,227,0.47577092511013214,58,0.46551724137931033,43,0.627906976744186,72,0.4166666666666667,24,0.5,42,0.5238095238095238
0,1,64,0.328125,108,0.5185185185185185,101,0.5346534653465347,63,0.5079365079365079,68,0.5441176470588235,152,0.42105263157894735,78,0.5384615384615384,22,0.6363636363636364
0,1,165,0.43636363636363634,119,0.44537815126050423,24,0.5833333333333334,45,0.5333333333333333,45,0.4888888888888889,115,0.5565217391304348,17,0.5882352941176471,35,0.6285714285714286
0,1,49,0.5306122448979592,202,0.46534653465346537,27,0.48148148148148145,25,0.52,212,0.4858490566037736,142,0.5211267605633803,33,0.48484848484848486,94,0.5425531914893617
0,1,39,0.41025641025641024,29,0.4827586206896552,67,0.4626865671641791,206,0.48058252427184467,55,0.4727272727272727,60,0.5,38,0.4473684210526316,93,0.5161290322580645
0,1,19,0.3157894736842105,209,0.5933014354066986,90,0.5111111111111111,75,0.52,60,0.43333333333333335,17,0.5294117647058824,15,0.4666666666666667,172,0.5116279069767442
0,1,92,0.4782608695652174,73,0.4657534246575342,44,0.45454545454545453,42,0.5952380952380952,94,0.46808510638297873,99,0.40404040404040403,181,0.4696132596685083,73,0.4520547945205479
0,1,29,0.3793103448275862,23,0.34782608695652173,203,0.4630541871921182,95,0.5473684210526316,125,0.52,91,0.5164835164835165,26,0.5769230769230769,159,0.5094339622641509
0,1,126,0.5079365079365079,39,0.48717948717948717,105,0.580952380952381,117,0.4700854700854701,48,0.5833333333333334,109,0.5504587155963303,15,0.4,88,0.48863636363636365
0,1,45,0.5111111111111111,109,0.45871559633027525,261,0.5325670498084292,26,0.6153846153846154,94,0.5638297872340425,82,0.43902439024390244,64,0.4375,55,0.43636363636363634
0,1,55,0.41818181818181815,61,0.5573770491803278,94,0.4787234042553192,35,0.4857142857142857,99,0.46464646464646464,137,0.5255474452554745,123,0.5772357723577236,65,0.4
0,1,44,0.5,83,0.43373493975903615,43,0.5581395348837209,29,0.6551724137931034,108,0.5277777777777778,36,0.4166666666666667,19,0.42105263157894735,72,0.5555555555555556
0,1,21,0.6666666666666666,16,0.625,80,0.425,182,0.489010989010989,64,0.515625,26,0.5,83,0.4819277108433735,163,0.5153374233128835
0,1,56,0.5714285714285714,26,0.5384615384615384,18,0.6666666666666666,214,0.49065420560747663,91,0.4945054945054945,20,0.45,22,0.5909090909090909,115,0.5043478260869565
0,1,19,0.47368421052631576,38,0.5,17,0.35294117647058826,57,0.3684210526315789,96,0.4791666666666667,58,0.39655172413793105,70,0.42857142857142855,110,0.35454545454545455
0,1,108,0.4722222222222222,71,0.49295774647887325,86,0.6511627906976745,41,0.5365853658536586,257,0.4708171206225681,142,0.5633802816901409,31,0.5161290322580645,63,0.4444444444444444
0,1,113,0.5132743362831859,60,0.5,48,0.4791666666666667,187,0.5133689839572193,27,0.6666666666666666,27,0.48148148148148145,197,0.5177664974619289,89,0.48314606741573035
0,1,91,0.5274725274725275,55,0.43636363636363634,111,0.5495495495495496,128,0.5390625,129,0.4496124031007752,82,0.5487804878048781,93,0.4946236559139785,258,0.5193798449612403
0,1,114,0.5526315789473685,179,0.5363128491620112,38,0.42105263157894735,41,0.6097560975609756,43,0.4186046511627907,51,0.4117647058823529,158,0.4873417721518987,23,0.5217391304347826
0,1,63,0.49206349206349204,66,0.5606060606060606,42,0.5952380952380952,131,0.5572519083969466,40,0.525,123,0.4959349593495935,76,0.47368421052631576,54,0.42592592592592593
0,1,30,0.5,162,0.5617283950617284,81,0.5679012345679012,157,0.5159235668789809,93,0.5268817204301075,53,0.5471698113207547,89,0.5393258426966292,42,0.5476190476190477
0,1,70,0.45714285714285713,199,0.5376884422110553,28,0.35714285714285715,112,0.5714285714285714,155,0.4258064516129032,121,0.4793388429752066,54,0.5,17,0.4117647058823529
0,1,51,0.47058823529411764,68,0.5294117647058824,88,0.4431818181818182,55,0.6181818181818182,95,0.49473684210526314,66,0.4696969696969697,103,0.46601941747572817,101,0.4752475247524752
0,1,192,0.53125,189,0.47619047619047616,76,0.5921052631578947,122,0.4098360655737705,54,0.42592592592592593,19,0.5263157894736842,28,0.7142857142857143,150,0.5
0,1,20,0.6,86,0.5813953488372093,169,0.47928994082840237,54,0.6111111111111112,99,0.5757575757575758,61,0.4426229508196721,132,0.5303030303030303,47,0.5957446808510638
0,1,77,0.5454545454545454,89,0.48314606741573035,126,0.5158730158730159,37,0.4594594594594595,68,0.4852941176470588,50,0.42,122,0.5573770491803278,45,0.5777777777777777
0,1,50,0.54,49,0.3877551020408163,129,0.5038759689922481,83,0.5060240963855421,52,0.3269230769230769,245,0.5346938775510204,133,0.44360902255639095,39,0.5128205128205128
0,1,187,0.4919786096256685,48,0.4583333333333333,71,0.5211267605633803,37,0.3783783783783784,268,0.5410447761194029,101,0.49504950495049505,135,0.5185185185185185,79,0.45569620253164556
0,1,47,0.5106382978723404,164,0.573170731707317,115,0.48695652173913045,30,0.5,164,0.573170731707317,78,0.6282051282051282,73,0.589041095890411,44,0.5227272727272727
0,1,31,0.5161290322580645,28,0.5357142857142857,44,0.4772727272727273,46,0.43478260869565216,100,0.5,175,0.5257142857142857,97,0.4536082474226804,31,0.45161290322580644
0,1,179,0.49162011173184356,251,0.5258964143426295,100,0.56,90,0.5333333333333333,94,0.5319148936170213,82,0.5365853658536586,78,0.5512820512820513,110,0.42727272727272725
0,1,71,0.5070422535211268,66,0.5454545454545454,67,0.5970149253731343,48,0.5,140,0.5571428571428572,105,0.580952380952381,99,0.45454545454545453,20,0.55
0,1,187,0.5240641711229946,138,0.4855072463768116,116,0.6120689655172413,34,0.5882352941176471,79,0.4177215189873418,45,0.5333333333333333,64,0.546875,54,0.5185185185185185
0,1,47,0.574468085106383,20,0.5,151,0.5099337748344371,87,0.5977011494252874,66,0.5606060606060606,165,0.4666666666666667,138,0.5289855072463768,46,0.6086956521739131
0,1,102,0.5,25,0.36,130,0.5307692307692308,47,0.46808510638297873,54,0.48148148148148145,102,0.46078431372549017,38,0.5263157894736842,20,0.75
0,1,26,0.46153846153846156,114,0.4649122807017544,17,0.5294117647058824,150,0.52,20,0.75,34,0.5588235294117647,40,0.625,124,0.49193548387096775
0,1,299,0.5451505016722408,100,0.45,81,0.5185185185185185,110,0.4727272727272727,20,0.45,88,0.5113636363636364,66,0.5,90,0.4777777777777778
0,1,51,0.6470588235294118,46,0.391304347826087,22,0.6363636363636364,104,0.49038461538461536,88,0.4659090909090909,53,0.41509433962264153,70,0.5,84,0.5
0,1,60,0.5333333333333333,105,0.580952380952381,33,0.5151515151515151,41,0.7073170731707317,51,0.6862745098039216,91,0.5384615384615384,101,0.5148514851485149,196,0.45408163265306123
0,1,127,0.4881889763779528,96,0.5416666666666666,56,0.5714285714285714,42,0.3333333333333333,56,0.5357142857142857,147,0.4965986394557823,42,0.5238095238095238,173,0.44508670520231214
0,1,33,0.45454545454545453,47,0.5106382978723404,59,0.3898305084745763,156,0.5,55,0.5818181818181818,45,0.5111111111111111,36,0.4444444444444444,61,0.4426229508196721
0,1,67,0.4925373134328358,68,0.5441176470588235,55,0.6727272727272727,81,0.5679012345679012,50,0.5,30,0.5333333333333333,45,0.5333333333333333,37,0.5135135135135135
0,1,162,0.46296296296296297,61,0.39344262295081966,35,0.45714285714285713,50,0.52,87,0.5287356321839081,46,0.5217391304347826,199,0.49748743718592964,50,0.44
0,1,139,0.49640287769784175,53,0.41509433962264153,162,0.5987654320987654,17,0.47058823529411764,32,0.53125,47,0.5319148936170213,51,0.5294117647058824,121,0.39669421487603307
0,1,31,0.6129032258064516,242,0.5247933884297521,145,0.5172413793103449,63,0.4126984126984127,24,0.5,26,0.5384615384615384,22,0.5454545454545454,106,0.5660377358490566
0,1,23,0.391304347826087,42,0.6190476190476191,51,0.5098039215686274,99,0.48484848484848486,30,0.4666666666666667,79,0.5063291139240507,39,0.46153846153846156,64,0.515625
0,1,137,0.5620437956204379,123,0.4796747967479675,46,0.45652173913043476,137,0.5109489051094891,97,0.4536082474226804,73,0.4383561643835616,174,0.4482758620689655,21,0.5714285714285714
0,1,82,0.45121951219512196,20,0.4,52,0.36538461538461536,59,0.4745762711864407,26,0.5384615384615384,118,0.4576271186440678,211,0.5023696682464455,89,0.4943820224719101
0,1,70,0.4714285714285714,67,0.5522388059701493,46,0.5869565217391305,62,0.5161290322580645,95,0.49473684210526314,41,0.43902439024390244,166,0.46987951807228917,176,0.5
0,1,35,0.5142857142857142,60,0.5,25,0.52,125,0.488,95,0.47368421052631576,32,0.40625,31,0.41935483870967744,161,0.5527950310559007
0,1,123,0.5365853658536586,32,0.5625,87,0.47126436781609193,129,0.5348837209302325,91,0.5384615384615384,41,0.5121951219512195,118,0.4576271186440678,28,0.6428571428571429
0,1,143,0.5734265734265734,56,0.6607142857142857,83,0.5421686746987951,133,0.5488721804511278,124,0.3790322580645161,35,0.5142857142857142,34,0.47058823529411764,36,0.4722222222222222
0,1,46,0.6304347826086957,91,0.5164835164835165,21,0.6666666666666666,46,0.391304347826087,92,0.4782608695652174,20,0.45,48,0.5,90,0.5666666666666667
0,1,39,0.6410256410256411,27,0.6296296296296297,43,0.4186046511627907,39,0.46153846153846156,27,0.48148148148148145,113,0.5486725663716814,54,0.5925925925925926,77,0.6363636363636364
0,1,46,0.4782608695652174,102,0.5588235294117647,114,0.5526315789473685,95,0.5052631578947369,30,0.5333333333333333,110,0.5272727272727272,65,0.6153846153846154,91,0.4725274725274725
0,1,59,0.5423728813559322,109,0.5321100917431193,31,0.4838709677419355,165,0.47878787878787876,66,0.5151515151515151,49,0.4489795918367347,54,0.5370370370370371,143,0.5174825174825175
0,1,71,0.5492957746478874,63,0.4603174603174603,37,0.5135135135135135,109,0.4954128440366973,69,0.463768115942029,144,0.4930555555555556,49,0.5102040816326531,25,0.52
0,1,61,0.5245901639344263,267,0.4681647940074906,53,0.4716981132075472,45,0.4888888888888889,127,0.5196850393700787,75,0.5333333333333333,88,0.42045454545454547,85,0.5058823529411764
0,1,117,0.4358974358974359,73,0.5342465753424658,134,0.5522388059701493,68,0.5,44,0.5227272727272727,29,0.4482758620689655,154,0.4805194805194805,89,0.4606741573033708
0,1,54,0.42592592592592593,36,0.4166666666666667,25,0.6,67,0.4925373134328358,143,0.5734265734265734,111,0.5585585585585585,26,0.5384615384615384,65,0.5076923076923077
5630110,0,46,0,186,0.021505376344086023,76,0,68,0,39,0,33,0,202,0,38,0
36811401,0,129,0,17,0,167,0,62,0,42,0,99,0,192,0.020833333333333332,105,0
143911,0,111,0,30,0,57,0,49,0,85,0.16470588235294117,84,0,92,0.43478260869565216,111,0
46122734,0,107,0,65,0,131,0,114,0.03508771929824561,124,0,140,0,48,0,33,0
78287029,0,194,0,85,0,157,0,134,0.029850746268656716,53,0,212,0,24,0,51,0
1459795,0,123,0,50,0,17,0,151,0,33,0,77,0.07792207792207792,68,0,44,0
538160,0,26,0.2692307692307692,124,0,190,0,190,0,61,0,31,0,90,0,61,0
2251215,0,150,0,34,0,113,0.10619469026548672,86,0,83,0,40,0,215,0,139,0
7518305,0,81,0,274,0.021897810218978103,122,0,162,0,33,0,85,0,27,0,110,0
1752330,0,118,0.03389830508474576,21,0,68,0,43,0,176,0,40,0,42,0,144,0
11046357,0,29,0,169,0.023668639053254437,92,0,43,0,16,0,104,0,19,0,23,0
4494120,0,84,0,207,0,154,0.025974025974025976,63,0,129,0,19,0,30,0,186,0
1607504,0,134,0,196,0,30,0,133,0,166,0.024096385542168676,115,0,26,0,58,0
2246325,0,132,0,90,0,68,0.1323529411764706,83,0,139,0,106,0,78,0,25,0
1954090,0,150,0.04666666666666667,104,0,30,0,165,0,55,0,52,0,88,0,50,0
106652185,0,86,0,29,0,48,0,138,0.028985507246376812,54,0,21,0,69,0,32,0
21516113,0,88,0,42,0,120,0,66,0.06060606060606061,45,0,36,0,82,0,26,0
21544382,0,253,0,27,0,137,0,103,0.038834951456310676,160,0,140,0,60,0,38,0
13927,0,103,0,65,0,98,0,149,0,203,0.13793103448275862,147,0,42,0,191,0
15050027,0,96,0,52,0,16,0,77,0.24675324675324675,111,0,30,0,37,0,106,0.14150943396226415
859725,0,156,0,66,0,56,0,26,0,29,0,47,0.1276595744680851,204,0,107,0
14029098,0,159,0,46,0,62,0,23,0,119,0,90,0,99,0,174,0.19540229885057472
14576957,0,33,0,528,0.011363636363636364,50,0,21,0,156,0,38,0,51,0,56,0
805850,0,198,0,57,0,167,0,205,0.4926829268292683,31,0,164,0,81,0,55,0.4727272727272727
16839364,0,48,0,114,0,38,0,47,0,59,0,335,0.011940298507462687,43,0,23,0
1195169,0,42,0,55,0,139,0,151,0,30,0,123,0,146,0.04794520547945205,51,0
165819781,0,73,0,47,0,29,0,21,0,18,0,136,0.029411764705882353,170,0,41,0
329438,0,56,0.07142857142857142,123,0,193,0,121,0,104,0,80,0.05,89,0,39,0
182443492,0,74,0,112,0.03571428571428571,146,0,64,0,114,0,29,0,19,0,32,0
11402922,0,77,0,49,0,73,0,71,0.4084507042253521,183,0,27,0,107,0,44,0.5
15054274,0,152,0,34,0,75,0,60,0.21666666666666667,108,0,127,0,38,0,43,0.23255813953488372
143910,0,46,0,114,0,46,0,39,0,28,0.14285714285714285,125,0,95,0.4842105263157895,75,0
1542238,0,120,0,115,0,101,0,71,0.5633802816901409,21,0,21,0,55,0,94,0.46808510638297873
1702930,0,64,0,102,0.0392156862745098,170,0,18,0,195,0,17,0,50,0,28,0
2241843,0,129,0,118,0,119,0.11764705882352941,77,0,30,0,67,0,47,0,48,0
18999323,0,60,0,125,0,62,0,68,0.058823529411764705,73,0,70,0,131,0,124,0
551088,0,71,0,64,0,83,0,19,0,27,0,68,0.058823529411764705,96,0,35,0
532604,0,188,0,111,0,42,0,165,0,118,0,142,0.1267605633802817,49,0,166,0
15054276,0,130,0,84,0,142,0,58,0.3275862068965517,48,0,67,0,132,0,49,0.24489795918367346
35,0,115,0.5391304347826087,42,0.5238095238095238,24,0.4166666666666667,138,0,101,0.5841584158415841,60,0.55,41,0.36585365853658536,83,0
2435696,0,15,0,50,0,250,0,66,0,79,0,193,0.025906735751295335,78,0,80,0
1846535,0,130,0,29,0.20689655172413793,143,0,64,0,64,0,79,0,58,0,81,0
575252,0,132,0,79,0,68,0,70,0,69,0.057971014492753624,60,0,27,0,54,0
522740,0,198,0,124,0.23387096774193547,122,0,94,0,45,0,83,0,117,0,98,0
4320779,0,140,0,87,0,308,0.012987012987012988,156,0,159,0,26,0,58,0,17,0
23686282,0,45,0,51,0,84,0,78,0.05128205128205128,102,0,247,0,48,0,84,0
4736257,0,107,0,384,0,114,0,45,0,63,0,159,0.025157232704402517,89,0,35,0
139098,0,52,0,36,0,64,0,50,0,84,0.10714285714285714,153,0.032679738562091505,38,0.34210526315789475,24,0
20568274,0,91,0,30,0,37,0,213,0.07042253521126761,130,0,117,0,52,0,54,0
3958977,0,116,0,116,0,29,0,52,0,35,0,233,0.017167381974248927,51,0,17,0
268132,0,50,0.3,57,0.42105263157894735,59,0,144,0,68,0.19117647058823528,140,0,54,0,94,0
4022769,0,255,0,116,0,94,0.0425531914893617,78,0,52,0,38,0,57,0,125,0
222317367,0,138,0,194,0.020618556701030927,259,0,147,0,37,0,115,0,47,0,20,0
157089,0,46,0,60,0,77,0,85,0,80,0.2625,34,0,44,0.45454545454545453,23,0
106641751,0,100,0,296,0,134,0,283,0.014134275618374558,89,0,45,0,18,0,47,0
23706887,0,57,0,103,0,62,0,142,0.028169014084507043,45,0,112,0,76,0,112,0
3730636,0,87,0,18,0,372,0,129,0,56,0,49,0,188,0.06382978723404255,186,0
514878,0,24,0,168,0,148,0.033783783783783786,115,0,132,0.030303030303030304,92,0,152,0,123,0
24790023,0,180,0,85,0,72,0,142,0.028169014084507043,91,0,98,0,38,0,123,0
1627056,0,50,0,71,0,57,0,40,0,40,0,28,0,83,0.07228915662650602,49,0
31164792,0,136,0,28,0,28,0,61,0.06557377049180328,102,0,23,0,123,0,88,0
24803502,0,117,0,40,0,125,0,48,0,108,0,204,0,132,0,118,0.0423728813559322
2234178,0,66,0,33,0,74,0.12162162162162163,130,0,116,0,122,0,101,0,77,0
1542236,0,76,0,39,0,147,0,82,0.5121951219512195,90,0,68,0,15,0,51,0.5294117647058824
20555368,0,60,0,78,0,31,0,115,0.06086956521739131,129,0,71,0,155,0,31,0
789016,0,79,0,62,0,51,0,71,0.43661971830985913,107,0,56,0,67,0,90,0.4
23695596,0,90,0,20,0,129,0,19,0,54,0,50,0,201,0,53,0.07547169811320754
3996550,0,44,0,35,0,93,0.08602150537634409,40,0,60,0,51,0,96,0,115,0
14813,0,47,0,49,0.5102040816326531,18,0.5,89,0,143,0.34965034965034963,296,0.41216216216216217,62,0,177,0
2671393,0,117,0,48,0,175,0.05714285714285714,69,0,109,0,69,0,164,0,54,0
544242,0,52,0.11538461538461539,33,0,31,0,50,0,151,0.052980132450331126,43,0,21,0,80,0
4016467,0,78,0,33,0,282,0.028368794326241134,101,0,122,0,45,0,25,0,169,0
840121,0,37,0,21,0,137,0,319,0,67,0,70,0.05714285714285714,49,0,45,0
2684341,0,69,0,138,0,111,0.04504504504504504,72,0,138,0,101,0,258,0,165,0
4727305,0,93,0,98,0,28,0,87,0,116,0,164,0.024390243902439025,57,0,65,0
124,0,103,0.46601941747572817,56,0.5892857142857143,16,0.5625,60,0,154,0.4935064935064935,107,0.45794392523364486,70,0.45714285714285713,95,0
2701640,0,73,0,172,0,88,0.06818181818181818,150,0,119,0,46,0,21,0,27,0
21532920,0,54,0,162,0,92,0,57,0,118,0,283,0,132,0,205,0.024390243902439025
4320704,0,60,0,200,0,214,0.04672897196261682,52,0,16,0,31,0,67,0,73,0
994759,0,188,0,65,0,47,0,35,0,211,0.018957345971563982,50,0,96,0,69,0
21544297,0,31,0,45,0,39,0,95,0.042105263157894736,193,0,119,0,188,0,46,0
14694,0,83,0,167,0.04790419161676647,16,0,111,0,29,0,93,0,69,0,54,0
1954007,0,86,0.06976744186046512,48,0,35,0,58,0,113,0,73,0,47,0,22,0
20563486,0,23,0,91,0,85,0,128,0.0859375,102,0,42,0,74,0,52,0.07692307692307693
76289,0,26,0,91,0,117,0,104,0,102,0,198,0.06060606060606061,267,0,68,0
1124,0,60,0,48,0,51,0,83,0,131,0.17557251908396945,74,0,108,0.4166666666666667,84,0
4500732,0,87,0,95,0,269,0.01486988847583643,49,0,51,0,63,0,21,0,155,0
20585444,0,97,0,77,0,78,0,159,0.11320754716981132,100,0,44,0,31,0,34,0
988463,0,56,0,378,0,17,0,65,0,86,0,45,0,59,0.3389830508474576,186,0
544241,0,130,0.11538461538461539,81,0,81,0,71,0,69,0.10144927536231885,191,0.13612565445026178,66,0,76,0
14006378,0,38,0,51,0,120,0,32,0.65625,23,0,36,0,112,0,55,0.509090909090909
538177,0,108,0,156,0,17,0,56,0,100,0.11,149,0,55,0,82,0
551097,0,51,0,76,0,35,0,34,0,79,0,173,0.10404624277456648,104,0,30,0
31338252,0,41,0,130,0,64,0,118,0,65,0,28,0,156,0.038461538461538464,23,0
511407,0,135,0,39,0,44,0.13636363636363635,90,0,16,0,185,0,64,0,229,0
21528184,0,106,0,160,0,147,0,151,0,20,0,36,0,80,0,114,0.09649122807017543
998180,0,46,0,148,0.02702702702702703,17,0,242,0,83,0,91,0,215,0,32,0
4238423,0,83,0,118,0,36,0,216,0,69,0,128,0,120,0.041666666666666664,201,0
559459,0,62,0,26,0,31,0,79,0,59,0,55,0.07272727272727272,74,0,97,0
5014588,0,69,0,195,0.03076923076923077,28,0,58,0,15,0,41,0,38,0,88,0
24790113,0,177,0,53,0,30,0,243,0.02880658436213992,105,0,93,0,107,0,84,0
3734572,0,33,0,114,0,68,0,64,0,244,0,77,0,163,0.04294478527607362,118,0
1629,0,54,0,152,0,192,0,132,0.4318181818181818,66,0,62,0,122,0.03278688524590164,81,0.4074074074074074
23682342,0,89,0,22,0,102,0,79,0,33,0,29,0,93,0,94,0.07446808510638298
69978992,0,258,0.023255813953488372,66,0,17,0,36,0,16,0,34,0,22,0,119,0
3680,0,123,0,76,0,80,0,32,0.53125,35,0,79,0,31,0,125,0.504
109462,0,23,0,121,0,91,0,40,0.525,103,0,53,0,41,0,41,0.5121951219512195
1170593,0,54,0,134,0,77,0,107,0,96,0,127,0,93,0.0967741935483871,111,0
95764999,0,172,0.023255813953488372,91,0,48,0,26,0,170,0,92,0,231,0,42,0
1627055,0,64,0,136,0,52,0,29,0,77,0,182,0,138,0.07971014492753623,102,0
21550869,0,100,0,24,0,204,0,20,0,151,0,74,0,56,0,86,0.046511627906976744
87835,0,50,0,18,0,66,0,31,0.3548387096774194,84,0,111,0,92,0,144,0.4166666666666667
779710,0,55,0,16,0,127,0,61,0,142,0.028169014084507043,111,0,77,0,154,0
1473786,0,111,0,34,0,73,0,25,0,40,0,128,0.0390625,32,0,139,0
158387737,0,140,0,217,0,202,0,122,0,129,0,233,0,55,0,135,0.02962962962962963
4546238,0,34,0,75,0,87,0,64,0,41,0,126,0.06349206349206349,50,0,220,0
767458,0,62,0.08064516129032258,21,0,23,0,29,0,34,0,89,0,34,0,86,0
87,0,102,0,168,0,31,0,200,0.52,59,0,49,0,49,0,182,0.42857142857142855
2132,0,83,0,65,0,36,0,151,0.5099337748344371,31,0,52,0,44,0,75,0.5466666666666666
3580009,0,63,0,43,0,61,0,30,0,255,0,31,0,314,0.01910828025477707,152,0
20721808,0,63,0,194,0,107,0,62,0.0967741935483871,69,0,88,0,103,0,170,0.07647058823529412
1944216,0,26,0,47,0,150,0,86,0,158,0.03164556962025317,43,0,201,0,111,0
749340,0,38,0,74,0,42,0,60,0,106,0.03773584905660377,67,0,51,0,199,0
2784,0,109,0.5045871559633027,118,0.5084745762711864,54,0.5370370370370371,41,0,163,0.3312883435582822,152,0.3355263157894737,56,0,64,0
2785,0,53,0,146,0.410958904109589,27,0.5925925925925926,75,0,70,0.2571428571428571,44,0.4090909090909091,98,0,29,0
39550176,0,62,0,83,0,115,0,57,0,120,0,256,0,170,0.023529411764705882,39,0
8788,0,121,0,232,0,169,0,94,0.3723404255319149,60,0,56,0,191,0,110,0.4909090909090909
852265,0,130,0,27,0,57,0,41,0,57,0,203,0.034482758620689655,101,0,39,0
247873,0,38,0.23684210526315788,240,0,162,0.4012345679012346,42,0,72,0.09722222222222222,120,0.45,16,0,82,0
20573463,0,91,0,26,0,58,0,90,0.08888888888888889,121,0,28,0,34,0,88,0.11363636363636363
6774097,0,67,0,87,0,94,0,70,0,50,0,71,0.07042253521126761,92,0,74,0
575256,0,213,0.06103286384976526,80,0,57,0,122,0,83,0,57,0,79,0,59,0
555016,0,87,0.05747126436781609,23,0,91,0,76,0,72,0,166,0,57,0,110,0
6153761,0,102,0,113,0.035398230088495575,109,0,20,0,147,0,18,0,223,0,238,0
15069494,0,44,0,121,0,94,0,35,0.2,75,0,76,0,22,0,68,0.25
7530517,0,111,0,104,0.038461538461538464,143,0,51,0,32,0,255,0,142,0,294,0
5630120,0,52,0,83,0.04819277108433735,26,0,297,0,74,0,81,0,62,0,58,0
2300839,0,24,0,273,0,138,0,99,0,160,0,21,0,155,0.07741935483870968,58,0
20573450,0,39,0,92,0,91,0,25,0,167,0,47,0,42,0,249,0.1285140562248996
527488,0,43,0,85,0.21176470588235294,140,0,78,0,192,0,32,0,184,0,128,0
3996584,0,97,0,145,0,101,0.07920792079207921,35,0,127,0,29,0,105,0,96,0
2920299,0,36,0,74,0,103,0,24,0.3333333333333333,58,0,126,0,52,0,54,0.46296296296296297
29954767,0,54,0,19,0,95,0,279,0.014336917562724014,78,0,26,0,81,0,136,0
24790189,0,39,0,42,0,47,0,48,0,48,0,83,0,15,0,184,0.02717391304347826
4669907,0,56,0,28,0,68,0,106,0,28,0,225,0.017777777777777778,81,0,15,0
110524,0,18,0.6111111111111112,96,0.3958333333333333,15,0.4,80,0,349,0.3524355300859599,23,0.43478260869565216,124,0,117,0
247874,0,15,0.4,134,0.5149253731343284,145,0.06896551724137931,143,0,135,0.16296296296296298,235,0,87,0,18,0
13702732,0,184,0.021739130434782608,20,0,83,0,112,0,83,0,51,0,113,0,137,0
14006379,0,121,0,110,0,21,0,86,0.4418604651162791,101,0,33,0,24,0,97,0.5773195876288659
50166422,0,188,0,58,0,81,0,53,0,98,0,123,0.032520325203252036,202,0,87,0
3271887,0,114,0.03508771929824561,42,0,80,0,159,0,74,0,129,0,38,0,55,0
24794256,0,233,0,43,0,28,0,168,0.02976190476190476,104,0,77,0,114,0,87,0
378,0,126,0,37,0,74,0,97,0,96,0.125,98,0,136,0.4852941176470588,44,0
1653245,0,21,0,16,0,72,0,49,0,16,0,76,0,119,0.05042016806722689,35,0
24794145,0,67,0,83,0,203,0,132,0.05303030303030303,37,0,44,0,115,0,138,0
604730,0,100,0,106,0,250,0,21,0,45,0,56,0.10714285714285714,248,0,151,0
2734,0,65,0,15,0,61,0,30,0,104,0,29,0.13793103448275862,79,0,35,0
47871806,0,193,0,55,0,99,0,185,0.021621621621621623,69,0,34,0,41,0,27,0
859717,0,95,0,55,0,147,0,185,0,156,0,97,0.041237113402061855,19,0,127,0
3730591,0,389,0,182,0,46,0,28,0,259,0,115,0,133,0.03759398496240601,133,0
1741252,0,77,0.05194805194805195,57,0,22,0,50,0,96,0,96,0,204,0,107,0
5033287,0,76,0,107,0.04672897196261682,77,0,42,0,45,0,34,0,36,0,32,0
5023084,0,239,0,90,0.06666666666666667,123,0,43,0,73,0,95,0,67,0,30,0
908,0,58,0,19,0,73,0,103,0,94,0.18085106382978725,94,0.0425531914893617,32,0.4375,40,0
564187,0,80,0.05,41,0,24,0,59,0,84,0.11904761904761904,113,0.035398230088495575,67,0,68,0
23706873,0,68,0,79,0,91,0,108,0,166,0,189,0,20,0,110,0.045454545454545456
555003,0,16,0,185,0,35,0,21,0,70,0,129,0.06976744186046512,19,0,113,0
20721793,0,84,0,85,0,86,0,120,0.03333333333333333,84,0,188,0,253,0,81,0
2320620,0,171,0,47,0,54,0,25,0,58,0,48,0,34,0.11764705882352941,31,0
278069,0,89,0.07865168539325842,48,0,72,0.16666666666666666,19,0,38,0.10526315789473684,97,0.24742268041237114,144,0,126,0
27048405,0,138,0,131,0,57,0,112,0,161,0,28,0,264,0.026515151515151516,79,0
23706958,0,71,0,35,0,92,0,65,0,46,0,171,0,107,0,57,0.07017543859649122
2643,0,174,0,86,0,73,0,104,0,94,0.1595744680851064,199,0.035175879396984924,26,0.46153846153846156,56,0
1841624,0,40,0,147,0.034013605442176874,39,0,69,0,105,0,105,0,24,0,53,0
1255963,0,30,0,211,0,83,0,190,0,76,0,127,0.031496062992125984,122,0,18,0
102583,0,134,0,77,0,91,0,30,0.5666666666666667,18,0,63,0,103,0,31,0.7419354838709677
324291,0,102,0.2647058823529412,33,0.42424242424242425,99,0.04040404040404041,220,0,24,0,25,0,120,0,141,0
2675214,0,31,0,66,0,242,0.0371900826446281,31,0,43,0,57,0,37,0,22,0
532599,0,100,0,75,0.28,104,0,115,0,152,0,39,0,125,0,139,0
5650121,0,54,0,183,0.03278688524590164,93,0,54,0,23,0,31,0,179,0,93,0
12106,0,81,0,140,0,71,0,116,0.46551724137931033,123,0,72,0,93,0,35,0.5714285714285714
27610,0,35,0.6285714285714286,104,0.5192307692307693,155,0.49032258064516127,86,0,82,0.4268292682926829,83,0.39759036144578314,174,0,90,0
1341,0,73,0,83,0,138,0,211,0,131,0,120,0.08333333333333333,67,0,47,0
4309739,0,42,0,53,0,204,0.029411764705882353,63,0,32,0,26,0,87,0,43,0
679418,0,183,0,69,0,29,0,57,0,82,0.15853658536585366,36,0,29,0.41379310344827586,156,0
23695599,0,84,0,27,0,70,0,176,0.028409090909090908,26,0,23,0,31,0,34,0
87834,0,125,0,21,0,222,0,133,0.49624060150375937,64,0,99,0,119,0,62,0.4838709677419355
2320621,0,240,0,219,0,30,0,65,0,38,0,169,0,261,0.02681992337164751,128,0
11054233,0,145,0,180,0.022222222222222223,59,0,15,0,39,0,53,0,33,0,58,0
1433,0,68,0.5441176470588235,81,0.4691358024691358,180,0.5222222222222223,34,0,37,0.4594594594594595,247,0.39271255060728744,18,0,45,0
1597748,0,113,0,38,0,38,0,44,0,213,0.028169014084507043,39,0,173,0,184,0
511405,0,66,0,50,0,193,0.12953367875647667,45,0,56,0,43,0,78,0,193,0
1432,0,53,0.4339622641509434,125,0.496,84,0.5119047619047619,29,0,56,0.32142857142857145,80,0.3625,49,0,154,0
168085,0,64,0,86,0,63,0,86,0,96,0.11458333333333333,75,0.05333333333333334,67,0.4626865671641791,34,0
511409,0,68,0,179,0,84,0.16666666666666666,51,0,108,0,85,0,46,0,43,0
868756,0,214,0,77,0,101,0,134,0,40,0,34,0.11764705882352941,72,0,82,0
1939991,0,75,0,157,0,37,0,40,0,115,0.034782608695652174,103,0,187,0,72,0
4300771,0,31,0,56,0,176,0.022727272727272728,76,0,15,0,36,0,118,0,23,0
38703919,0,81,0,159,0,46,0,171,0.023391812865497075,58,0,60,0,177,0,48,0
64575824,0,65,0,25,0,116,0,31,0,213,0,59,0,32,0,133,0.03759398496240601
18976551,0,33,0,106,0,86,0,55,0.2727272727272727,88,0,166,0,76,0,76,0.4342105263157895
335154,0,87,0,41,0,133,0,44,0,73,0.0958904109589041,118,0,36,0,106,0
3292321,0,126,0,30,0,43,0,78,0,224,0.017857142857142856,78,0,54,0,100,0
581739,0,101,0.06930693069306931,104,0,148,0,27,0,78,0,102,0,30,0,114,0
31155208,0,197,0,109,0,115,0,192,0.020833333333333332,79,0,44,0,78,0,146,0
1623023,0,18,0,112,0,83,0,103,0,216,0,49,0,48,0.10416666666666667,50,0
975,0,27,0.48148148148148145,71,0.5070422535211268,81,0.5308641975308642,55,0,40,0.4,98,0.3673469387755102,136,0,244,0
538155,0,144,0,40,0,40,0,111,0,43,0,106,0.04716981132075472,77,0,138,0
4673181,0,37,0,56,0,41,0,133,0,33,0,111,0.036036036036036036,99,0,126,0
11054085,0,53,0,182,0.02197802197802198,35,0,37,0,80,0,85,0,86,0,40,0
2241838,0,37,0,33,0,110,0.13636363636363635,163,0,81,0,21,0,150,0,39,0
5630049,0,67,0,135,0.037037037037037035,70,0,17,0,148,0,41,0,69,0,19,0
1808791,0,29,0,102,0,154,0,46,0,226,0.04424778761061947,74,0,285,0,87,0
22090833,0,61,0,150,0,98,0,70,0,47,0,179,0.0223463687150838,62,0,64,0
404690,0,129,0,59,0,103,0,52,0.5384615384615384,42,0,89,0,27,0,30,0.5333333333333333
23690751,0,114,0,29,0,22,0,156,0.02564102564102564,34,0,118,0,136,0,67,0
3267997,0,49,0,65,0,20,0,95,0,154,0.032467532467532464,146,0,81,0,183,0
654077,0,64,0,35,0,128,0,59,0,255,0.1568627450980392,78,0.05128205128205128,51,0.4117647058823529,94,0
864055,0,116,0,188,0,81,0,109,0,17,0,46,0.10869565217391304,141,0,43,0
21519735,0,124,0,128,0,35,0,100,0.06,61,0,70,0,65,0,193,0.04145077720207254
1758720,0,55,0.07272727272727272,119,0,63,0,64,0,27,0,58,0,80,0,102,0
1542237,0,58,0,62,0,123,0,227,0.5022026431718062,67,0,117,0,174,0,94,0.5319148936170213
324293,0,130,0.1076923076923077,94,0,63,0,134,0,108,0.08333333333333333,115,0,138,0,143,0
26331,0,47,0.5319148936170213,143,0.5034965034965035,19,0.47368421052631576,130,0,186,0.34408602150537637,75,0.4533333333333333,61,0,114,0
532600,0,45,0,61,0.4262295081967213,139,0,63,0,87,0,153,0,27,0,68,0
15063974,0,187,0,128,0,80,0,34,0.38235294117647056,51,0,71,0,110,0,104,0.22115384615384615
779631,0,31,0.25806451612903225,42,0,171,0,80,0,26,0,216,0,81,0,146,0
20559236,0,47,0,225,0,61,0,73,0.136986301369863,130,0,49,0,205,0,172,0
20559244,0,31,0,122,0,20,0,74,0.17567567567567569,96,0,121,0,25,0,91,0.13186813186813187
11054895,0,135,0,160,0.025,85,0,129,0,25,0,86,0,219,0,61,0
1846523,0,77,0,109,0.045871559633027525,51,0,198,0,40,0,122,0,31,0,212,0
38693691,0,57,0,81,0,31,0,366,0.01366120218579235,20,0,167,0,24,0,150,0
527483,0,40,0,29,0,249,0,180,0,75,0.10666666666666667,166,0.030120481927710843,76,0,137,0
62587,0,60,0,35,0,51,0,149,0.4899328859060403,152,0,129,0,117,0,99,0.494949494949495
1752332,0,128,0.03125,87,0,142,0,66,0,82,0,16,0,75,0,66,0
52292,0,55,0.5272727272727272,45,0.37777777777777777,37,0.5675675675675675,36,0,85,0.27058823529411763,99,0.45454545454545453,60,0,28,0
17864,0,50,0,70,0,42,0,139,0.48201438848920863,17,0,62,0,81,0,103,0.46601941747572817
20721784,0,146,0,64,0,25,0,56,0,47,0,46,0,152,0,123,0.04878048780487805
4022874,0,111,0,113,0,185,0.043243243243243246,163,0,35,0,56,0,91,0,81,0
2326991,0,54,0,324,0,137,0,23,0,79,0,123,0,99,0.08080808080808081,89,0
47869302,0,91,0,89,0,114,0,217,0.018433179723502304,132,0,137,0,26,0,89,0
1096392,0,35,0,116,0,65,0,25,0.56,46,0,36,0,29,0,168,0
319611,0,114,0.08771929824561403,183,0,135,0,29,0,177,0.06779661016949153,76,0.19736842105263158,54,0,24,0
2168100,0,86,0,257,0,19,0,21,0,98,0.04081632653061224,145,0,128,0,66,0
24798711,0,116,0,147,0,61,0,58,0,102,0,49,0,81,0,80,0.05
518630,0,198,0.06060606060606061,97,0,48,0,108,0,83,0,159,0,49,0,111,0
779706,0,170,0.03529411764705882,40,0,99,0,32,0,88,0,80,0,59,0,36,0
14035487,0,33,0,42,0,222,0,108,0.2777777777777778,85,0,56,0,66,0,97,0.24742268041237114
4727393,0,83,0,27,0,133,0,114,0,73,0,140,0.02857142857142857,28,0,132,0
13223290,0,82,0,61,0,101,0,149,0,142,0,45,0,185,0.021621621621621623,59,0
34,0,63,0.4603174603174603,140,0.4714285714285714,86,0.5,101,0,43,0.46511627906976744,25,0.44,26,0.5769230769230769,60,0
2924829,0,79,0,110,0,51,0,143,0.5454545454545454,77,0,44,0,31,0,74,0.4864864864864865
311397,0,120,0,20,0,81,0,47,0,202,0.054455445544554455,46,0.30434782608695654,45,0,73,0
444806,0,162,0,148,0,148,0,42,0,67,0,106,0.07547169811320754,153,0,35,0
24794178,0,87,0,58,0,118,0,38,0,32,0,160,0,117,0,163,0.024539877300613498
4555045,0,72,0,29,0,36,0,79,0,23,0,220,0.03636363636363636,105,0,262,0
301829,0,31,0.3225806451612903,101,0.3564356435643564,57,0,57,0,66,0.13636363636363635,33,0,25,0,39,0
569521,0,83,0,99,0,65,0,55,0,133,0,225,0.02666666666666667,57,0,96,0
575263,0,99,0.1111111111111111,107,0,22,0,79,0,69,0,23,0,65,0,77,0
420038,0,34,0,103,0,76,0,29,0.4827586206896552,29,0,22,0,223,0,54,0.5185185185185185
20585469,0,24,0,100,0,22,0,232,0.06465517241379311,127,0,151,0,157,0,51,0
15075675,0,102,0,46,0,62,0,64,0.28125,116,0,250,0,101,0,163,0.17177914110429449
2427829,0,58,0,58,0,137,0,19,0,270,0,153,0.0392156862745098,46,0,139,0
259351,0,167,0,163,0,93,0,63,0,71,0.23943661971830985,173,0.04046242774566474,41,0.3902439024390244,59,0
3590996,0,104,0,88,0,90,0,134,0,111,0,48,0,95,0.042105263157894736,87,0
2246327,0,29,0,98,0,107,0.11214953271028037,75,0,57,0,54,0,50,0,242,0
773265,0,62,0.06451612903225806,131,0,54,0,111,0,201,0,32,0,73,0,123,0
21551014,0,51,0,130,0,38,0,170,0.023529411764705882,34,0,92,0,54,0,46,0
69426,0,17,0,110,0,43,0,46,0.5652173913043478,82,0,21,0,96,0,109,0.5137614678899083
291017,0,175,0,61,0,45,0.24444444444444444,83,0,51,0,88,0,120,0,76,0
32775,0,53,0,24,0,95,0,39,0,55,0.16363636363636364,108,0.046296296296296294,30,0.43333333333333335,15,0
390245,0,99,0,17,0,93,0,112,0,111,0,50,0.08,45,0,38,0
1613136,0,139,0,148,0,38,0,285,0,166,0.05421686746987952,32,0,82,0,86,0
268136,0,116,0.09482758620689655,220,0,60,0.26666666666666666,38,0,69,0.08695652173913043,130,0.15384615384615385,75,0,77,0
104054,0,25,0.52,65,0.5076923076923077,146,0.541095890410959,49,0,51,0.21568627450980393,94,0.425531914893617,178,0,66,0
762161,0,86,0.06976744186046512,30,0,70,0,128,0,194,0,60,0,138,0,182,0
281994,0,36,0,54,0,107,0.3364485981308411,225,0,55,0.10909090909090909,36,0,31,0,34,0
982570,0,87,0,143,0,60,0,63,0,103,0.05825242718446602,189,0,52,0,35,0
29959574,0,243,0,51,0,47,0,265,0,39,0,158,0,211,0,243,0.0205761316872428
20698794,0,75,0,35,0,57,0,211,0,70,0,116,0,21,0,94,0.05319148936170213
24790202,0,227,0,32,0,87,0,93,0.06451612903225806,32,0,80,0,97,0,25,0
9615,0,120,0,116,0,58,0,213,0,33,0,159,0.031446540880503145,19,0,74,0
112449,0,40,0,108,0,237,0,91,0.4945054945054945,83,0,112,0,145,0,41,0.5853658536585366
127642,0,35,0,55,0,133,0,41,0.36585365853658536,160,0,113,0,73,0,62,0.4032258064516129
1522930,0,56,0,36,0,32,0,66,0.5,116,0,119,0,37,0,72,0.5972222222222222
23700909,0,56,0,20,0,156,0,205,0,27,0,67,0,183,0,92,0.043478260869565216
21538347,0,22,0,52,0,167,0,140,0,183,0,139,0,99,0,47,0.0851063829787234
29971583,0,61,0,87,0,98,0,15,0,213,0,92,0,106,0,133,0.03007518796992481
2928533,0,32,0,64,0,123,0,149,0.5906040268456376,178,0,63,0,64,0,32,0.53125
54090976,0,105,0,22,0,134,0,314,0.025477707006369428,102,0,46,0,28,0,133,0
2309740,0,59,0,88,0,61,0,124,0,25,0,54,0,92,0.07608695652173914,89,0
171839940,0,38,0,20,0,67,0,97,0,180,0,21,0,221,0,173,0.023121387283236993
4305069,0,43,0,21,0,320,0.01875,76,0,144,0,285,0,16,0,35,0
527473,0,95,0,86,0.19767441860465115,56,0,20,0,38,0,97,0,75,0,97,0
1195156,0,109,0,54,0,124,0,66,0,119,0,76,0,148,0.05405405405405406,47,0
6296,0,99,0,78,0,68,0,39,0.38461538461538464,54,0,99,0,61,0,155,0.5225806451612903
129912,0,29,0,18,0,55,0,85,0,104,0,91,0.08791208791208792,58,0,86,0
1548424,0,195,0,49,0,198,0,26,0.6538461538461539,71,0,89,0,76,0,117,0.4700854700854701
64775736,0,24,0,125,0.032,20,0,190,0,57,0,59,0,219,0,85,0
581715,0,107,0,93,0,79,0,38,0,80,0,304,0.06578947368421052,30,0,26,0
130041,0,90,0.5333333333333333,56,0.5178571428571429,34,0.3235294117647059,15,0,88,0.375,54,0.5185185185185185,79,0,130,0
108907,0,30,0,35,0,109,0,67,0,162,0.12345679012345678,26,0,193,0.5129533678756477,80,0
1374,0,115,0.5739130434782609,45,0.5111111111111111,43,0.4186046511627907,92,0,54,0.3333333333333333,43,0,220,0,61,0
20716315,0,59,0,166,0,19,0,147,0.04081632653061224,46,0,88,0,49,0,127,0
1255877,0,21,0,157,0,195,0,19,0,16,0,116,0.034482758620689655,38,0,16,0
6162287,0,120,0,96,0.052083333333333336,101,0,121,0,101,0,253,0,24,0,33,0
1653220,0,58,0,111,0,63,0,151,0,121,0,24,0,53,0.07547169811320754,190,0
1758761,0,128,0,211,0,20,0,229,0,190,0.021052631578947368,54,0,36,0,86,0
834982,0,103,0,20,0,36,0,70,0,52,0,99,0.06060606060606061,205,0,45,0
104274763,0,221,0,100,0,71,0,102,0,62,0,71,0,78,0,260,0.015384615384615385
2296907,0,95,0,48,0,60,0,45,0,67,0,68,0,95,0.042105263157894736,80,0
21516109,0,72,0,211,0,33,0,52,0,29,0,21,0,60,0,484,0.012396694214876033
757500,0,30,0,64,0,34,0,70,0,103,0.038834951456310676,53,0,45,0,42,0
5650256,0,182,0,69,0.057971014492753624,165,0,28,0,25,0,66,0,100,0,25,0
4000820,0,73,0,146,0,142,0.028169014084507043,58,0,74,0,40,0,48,0,202,0
522743,0,63,0,65,0,306,0,26,0,56,0,92,0.10869565217391304,19,0,38,0
499722,0,54,0,103,0,39,0.10256410256410256,37,0,107,0,190,0,90,0,70,0
1635959,0,60,0,113,0,88,0,108,0,74,0,46,0,36,0.1111111111111111,241,0
488,0,29,0,64,0.515625,209,0,83,0,59,0.2711864406779661,38,0.42105263157894735,136,0,83,0
14013147,0,62,0,103,0,82,0,32,0.5,48,0,69,0,148,0,89,0.5842696629213483
1247016,0,44,0,200,0,137,0,186,0,33,0,102,0.058823529411764705,17,0,48,0
1752438,0,100,0.07,60,0,60,0,48,0,140,0,117,0,119,0,123,0
24815249,0,89,0,120,0,66,0,230,0.034782608695652174,81,0,136,0,75,0,156,0
20716292,0,162,0,98,0,41,0,105,0,46,0,27,0,79,0,125,0.112
23682326,0,197,0,39,0,60,0,94,0,69,0,87,0,134,0,196,0.030612244897959183
1251177,0,70,0,30,0,78,0,31,0,73,0,252,0.03571428571428571,97,0,78,0
518631,0,46,0.15217391304347827,90,0,33,0,129,0,186,0.05913978494623656,49,0,305,0,61,0
3566663,0,57,0,121,0,86,0,47,0,27,0,136,0,89,0.0449438202247191,39,0
2435695,0,53,0,244,0,34,0,73,0,164,0,37,0.13513513513513514,31,0,31,0
658144,0,28,0,178,0,127,0,135,0,39,0.10256410256410256,69,0,43,0.5581395348837209,22,0
822044,0,45,0,299,0,52,0,42,0,26,0,178,0.033707865168539325,59,0,152,0
35365722,0,31,0,39,0,28,0,49,0,19,0,80,0.05,145,0,97,0
7525977,0,50,0,203,0.019704433497536946,194,0,124,0,47,0,96,0,139,0,54,0
3567290,0,71,0,62,0,72,0,138,0,116,0,66,0,242,0.01652892561983471,22,0
2488,0,86,0,148,0,49,0,100,0.61,60,0,36,0,36,0,72,0.5416666666666666
9599,0,149,0,43,0,76,0,28,0.5,66,0,68,0,56,0,41,0.5365853658536586
855869,0,234,0,49,0,43,0,65,0,65,0,282,0.03900709219858156,133,0,50,0
982573,0,58,0,93,0,15,0,284,0,206,0.02912621359223301,66,0,67,0,33,0
1158967,0,64,0,30,0,126,0,22,0,94,0,64,0.140625,42,0,15,0
97,0,110,0.4727272727272727,38,0.5526315789473685,154,0.538961038961039,84,0,145,0.4068965517241379,39,0.46153846153846156,176,0.4602272727272727,49,0
18972236,0,33,0,37,0,250,0,41,0.24390243902439024,124,0,132,0,44,0,31,0.16129032258064516
63339093,0,173,0,95,0,92,0,154,0,88,0,120,0,135,0.02962962962962963,24,0
511408,0,39,0,73,0,44,0.22727272727272727,111,0,55,0,134,0,79,0,44,0
1940031,0,63,0.09523809523809523,107,0,176,0,407,0,22,0,199,0,279,0,99,0
485962,0,111,0,26,0,115,0.1826086956521739,43,0,155,0,86,0,124,0,33,0
282,0,187,0,44,0,184,0,23,0.43478260869565216,79,0,179,0,208,0,64,0.46875
21516128,0,50,0,63,0,46,0,220,0.01818181818181818,136,0,77,0,218,0,172,0
994776,0,33,0,22,0,36,0,69,0,28,0,113,0,161,0.055900621118012424,61,0
18992816,0,37,0,63,0,117,0,149,0.04697986577181208,29,0,95,0,164,0,137,0
20579159,0,37,0,68,0,161,0,46,0,279,0,16,0,52,0,127,0.03937007874015748
1010697,0,69,0,100,0.28,88,0,172,0,19,0,100,0,109,0,42,0
3958967,0,72,0,82,0,33,0,41,0,94,0,84,0.047619047619047616,44,0,63,0
4483390,0,199,0,46,0,436,0.013761467889908258,81,0,76,0,151,0,132,0,192,0
1936236,0,61,0,45,0,102,0,31,0,230,0.030434782608695653,224,0,35,0,51,0
64336,0,106,0.46226415094339623,20,0.5,40,0.525,99,0,36,0.3055555555555556,204,0.4215686274509804,40,0,122,0
628832,0,42,0,58,0,131,0,136,0.41911764705882354,210,0,261,0,80,0,144,0.4861111111111111
4234420,0,46,0,76,0,63,0,193,0,34,0,248,0,170,0.023529411764705882,98,0
3153988,0,75,0,51,0,79,0,99,0,17,0,103,0.05825242718446602,146,0,30,0
3679,0,48,0,59,0,86,0,51,0.5098039215686274,31,0,52,0,96,0,15,0.5333333333333333
1959630,0,108,0,55,0,26,0,64,0,68,0.058823529411764705,77,0,28,0,68,0
547520,0,122,0,177,0,87,0,242,0,160,0.08125,89,0.15730337078651685,19,0,21,0
99706,0,186,0,53,0,197,0,142,0,48,0.14583333333333334,94,0,82,0.4634146341463415,53,0
1602429,0,66,0,77,0,255,0,81,0,78,0.0641025641025641,103,0,23,0,257,0
5630082,0,135,0,161,0.031055900621118012,91,0,69,0,213,0,93,0,75,0,42,0
4554562,0,29,0,63,0,48,0,17,0,64,0,97,0.041237113402061855,74,0,44,0
23695553,0,154,0,37,0,37,0,36,0,220,0,34,0,101,0,166,0.03614457831325301
27064378,0,38,0,102,0,48,0,103,0,101,0,20,0,112,0.03571428571428571,27,0
564195,0,142,0.1056338028169014,79,0,148,0,91,0,53,0,106,0,129,0,28,0
11677,0,152,0,71,0,47,0,46,0,100,0.15,53,0,72,0.4583333333333333,69,0
499711,0,158,0,33,0,37,0.1891891891891892,66,0,107,0,262,0,236,0,117,0
13696384,0,191,0.020942408376963352,54,0,43,0,33,0,89,0,68,0,20,0,89,0
21528080,0,85,0,33,0,46,0,184,0,66,0,21,0,57,0,217,0.04608294930875576
1864270,0,68,0,132,0.06060606060606061,126,0,22,0,59,0,146,0,117,0,37,0
31165110,0,47,0,42,0,207,0,27,0,66,0,77,0,20,0,191,0.020942408376963352
632,0,139,0,74,0,87,0,115,0,52,0.17307692307692307,105,0,148,0.4864864864864865,51,0
24815439,0,110,0,204,0,85,0,271,0.02214022140221402,63,0,25,0,138,0,169,0.023668639053254437
547521,0,35,0.22857142857142856,43,0,39,0,25,0,77,0,192,0,117,0,298,0
834916,0,179,0,223,0,15,0,29,0,152,0,223,0.026905829596412557,87,0,248,0
494680,0,32,0,39,0,70,0.18571428571428572,22,0,57,0,51,0,80,0,90,0
21533046,0,49,0,116,0,82,0,109,0,73,0,179,0,22,0,99,0.050505050505050504
20716293,0,88,0,205,0,271,0,167,0,86,0,46,0,25,0,118,0.0847457627118644
45,0,110,0.42727272727272725,36,0.5555555555555556,47,0.44680851063829785,49,0,77,0.4805194805194805,17,0.29411764705882354,32,0.375,40,0
2262591,0,38,0,167,0,156,0.02564102564102564,97,0,59,0,68,0,40,0,93,0
21538237,0,162,0,55,0,22,0,157,0.03184713375796178,201,0,23,0,29,0,64,0
11389,0,126,0,95,0,44,0,205,0,48,0,21,0,457,0.0175054704595186,85,0
133940,0,157,0.4713375796178344,24,0.5416666666666666,108,0.4722222222222222,193,0,62,0.3064516129032258,70,0.4,181,0,19,0
29959257,0,69,0,44,0,64,0,183,0.02185792349726776,123,0,70,0,72,0,20,0
3996536,0,77,0,116,0,284,0.045774647887323945,277,0,164,0,156,0,171,0,69,0
82350,0,67,0,73,0,52,0,125,0.496,171,0,92,0,24,0,27,0.5555555555555556
18981421,0,25,0,130,0,68,0,78,0.07692307692307693,115,0,234,0,125,0,154,0
3571119,0,70,0,110,0,164,0,126,0,101,0,91,0,268,0.014925373134328358,61,0
7547600,0,84,0,118,0.0423728813559322,84,0,102,0,42,0,116,0,159,0,83,0
171122,0,77,0,46,0,113,0,134,0,92,0.17391304347826086,126,0,86,0.46511627906976744,26,0
355,0,100,0.54,29,0.5172413793103449,37,0.43243243243243246,64,0,42,0.38095238095238093,35,0.5142857142857142,182,0,137,0
538156,0,63,0,33,0.24242424242424243,81,0,167,0,78,0,165,0,73,0,78,0
551,0,66,0,131,0,45,0,133,0,113,0,118,0.07627118644067797,54,0,207,0
1746564,0,159,0.03773584905660377,110,0,19,0,120,0,222,0,19,0,91,0,40,0
3972,0,106,0,47,0,66,0,92,0,68,0.1323529411764706,33,0,82,0.5,90,0
20702460,0,23,0,26,0,74,0,150,0,126,0,145,0,21,0,193,0.05699481865284974
32,0,69,0,28,0,32,0,65,0.5076923076923077,61,0,73,0,38,0,46,0.41304347826086957
2269191,0,28,0,24,0,92,0.08695652173913043,105,0,195,0,122,0,71,0,37,0
19108892,0,89,0,58,0,40,0,64,0,15,0,68,0,198,0.020202020202020204,31,0
3426,0,48,0.5625,149,0.48322147651006714,209,0.49282296650717705,43,0,144,0.3888888888888889,137,0.4233576642335766,130,0,47,0
5644451,0,106,0,146,0.0547945205479452,136,0,50,0,61,0,88,0,15,0,42,0
161994,0,38,0.5,22,0.3181818181818182,54,0,138,0,92,0.358695652173913,279,0.40860215053763443,25,0,72,0
44244,0,22,0.45454545454545453,141,0.5177304964539007,53,0,105,0,144,0.3611111111111111,187,0,154,0,98,0
31146874,0,18,0,57,0,48,0,324,0.018518518518518517,104,0,109,0,83,0,83,0
20568271,0,64,0,118,0,150,0,133,0.03007518796992481,32,0,33,0,98,0,60,0
9616,0,56,0,30,0,126,0,253,0,181,0.1270718232044199,187,0.0374331550802139,131,0.4732824427480916,21,0
1189439,0,22,0,102,0,44,0,97,0,44,0,32,0,140,0.12857142857142856,42,0
1944119,0,118,0.03389830508474576,30,0,40,0,49,0,115,0,82,0,32,0,26,0
522750,0,75,0.26666666666666666,109,0,62,0,53,0,68,0.08823529411764706,15,0,59,0,82,0
20563468,0,96,0,127,0,23,0,89,0.056179775280898875,40,0,103,0,84,0,135,0
29959246,0,54,0,55,0,38,0,30,0,143,0,67,0,68,0,149,0.03355704697986577
1841625,0,73,0,161,0.06832298136645963,153,0,60,0,18,0,24,0,118,0,27,0
1027378,0,61,0,99,0.1414141414141414,103,0,39,0,54,0,60,0,15,0,96,0
547522,0,49,0,41,0,74,0,86,0,276,0.014492753623188406,28,0,195,0,131,0
45636,0,73,0,113,0,97,0,27,0,141,0,91,0,172,0.5058139534883721,96,0
555002,0,47,0,97,0,136,0,77,0,89,0,124,0.04032258064516129,28,0,32,0
20573451,0,32,0,51,0,114,0,183,0,53,0,20,0,74,0,90,0.16666666666666666
46134437,0,28,0,170,0,61,0,47,0,72,0,33,0,70,0,255,0.0196078431372549
51,0,49,0.5510204081632653,158,0.4873417721518987,115,0.5652173913043478,43,0,46,0.4782608695652174,81,0,33,0.36363636363636365,57,0
2180794,0,36,0,38,0,81,0,76,0,144,0.034722222222222224,24,0,78,0,132,0
47869022,0,117,0,109,0,102,0,175,0.03428571428571429,43,0,91,0,219,0,105,0
420037,0,67,0,81,0,65,0,126,0.5,82,0,131,0,122,0,54,0.5370370370370371
11386934,0,80,0,36,0,31,0,211,0,75,0,28,0,114,0,51,0.5294117647058824
2234177,0,49,0,87,0,41,0.1951219512195122,94,0,20,0,49,0,55,0,59,0
9389788,0,81,0.04938271604938271,25,0,98,0,222,0,26,0,44,0,82,0,89,0
335164,0,139,0.07913669064748201,42,0,128,0,84,0,123,0.08130081300813008,107,0.1308411214953271,29,0,116,0
20698772,0,69,0,205,0,268,0,88,0.056818181818181816,101,0,176,0,31,0,152,0.07894736842105263
4234393,0,125,0,97,0,34,0,197,0,67,0,147,0,114,0.03508771929824561,21,0
105810062,0,65,0.06153846153846154,50,0,15,0,23,0,31,0,29,0,293,0,152,0
3743642,0,69,0,189,0,52,0,55,0,136,0,87,0,80,0.05,26,0
13,0,21,0,73,0,26,0,30,0.4,77,0,150,0,133,0,36,0.3333333333333333
2234179,0,155,0,38,0,65,0.12307692307692308,43,0,57,0,173,0,160,0,153,0
4005588,0,56,0,128,0,151,0.046357615894039736,50,0,83,0,139,0,19,0,90,0
483,0,200,0,40,0,27,0,156,0,120,0,87,0.06896551724137931,53,0,111,0
296313,0,113,0.12389380530973451,173,0.06358381502890173,86,0,51,0,127,0,123,0.3252032520325203,135,0,112,0
32776,0,49,0,66,0,57,0,68,0,25,0.16,27,0,111,0.4864864864864865,22,0
1758707,0,84,0.05952380952380952,65,0,78,0,55,0,131,0.030534351145038167,121,0,466,0,65,0
8482,0,67,0,129,0,44,0,28,0,28,0.21428571428571427,65,0,147,0.47619047619047616,116,0
2256714,0,94,0,20,0,218,0.05504587155963303,45,0,37,0,46,0,33,0,74,0
2689530,0,64,0,109,0,63,0.06349206349206349,33,0,88,0,59,0,242,0,79,0
8379002,0,198,0,98,0,45,0,203,0,32,0,226,0.017699115044247787,81,0,196,0
13235079,0,73,0,152,0,32,0,43,0,69,0,146,0,158,0.02531645569620253,87,0
830127,0,61,0,95,0,41,0,44,0,102,0,34,0.17647058823529413,25,0,66,0
18986843,0,38,0,24,0,149,0,35,0.11428571428571428,210,0,87,0,89,0,142,0
749321,0,174,0.028735632183908046,34,0,58,0,228,0,61,0,67,0,130,0,60,0
8284717,0,109,0,98,0,49,0,51,0,212,0.018867924528301886,30,0,66,0,24,0
20716320,0,19,0,81,0,264,0,36,0,27,0,138,0,196,0,179,0.055865921787709494
569532,0,63,0.06349206349206349,153,0,60,0,114,0,87,0,163,0,25,0,43,0
2489,0,64,0,67,0,21,0,37,0.5405405405405406,76,0,126,0,67,0,282,0.48936170212765956
99705,0,138,0,112,0,71,0,57,0,80,0.175,98,0,26,0.6923076923076923,46,0
551090,0,130,0.16153846153846155,54,0,40,0,64,0,61,0.13114754098360656,86,0,62,0,54,0
222314273,0,100,0,175,0.03428571428571429,82,0,119,0,191,0,64,0,54,0,46,0
20579187,0,212,0,126,0,63,0,191,0,171,0,110,0,92,0,26,0.2692307692307692
26514435,0,53,0,174,0.022988505747126436,56,0,31,0,21,0,59,0,133,0,89,0
83839,0,28,0.5357142857142857,28,0.4642857142857143,83,0.46987951807228917,64,0,30,0.36666666666666664,261,0.4444444444444444,43,0,107,0
5772270,0,51,0,37,0,90,0,18,0,172,0.023255813953488372,259,0,50,0,95,0
153404012,0,118,0,16,0,24,0,44,0,36,0,120,0.03333333333333333,157,0,147,0
24798710,0,57,0,48,0,39,0,17,0,207,0,123,0,36,0,250,0.016
1741285,0,220,0.02727272727272727,130,0,46,0,106,0,61,0,171,0,82,0,41,0
6162286,0,81,0,72,0.05555555555555555,43,0,55,0,145,0,16,0,169,0,116,0
3135329,0,106,0,126,0,26,0,52,0,49,0,84,0.047619047619047616,29,0,102,0
21528142,0,35,0,23,0,124,0,137,0.051094890510948905,30,0,15,0,21,0,218,0
1522929,0,27,0,69,0,78,0,113,0.3805309734513274,79,0,55,0,43,0,51,0.45098039215686275
228,0,54,0,71,0,92,0,107,0.5514018691588785,153,0,86,0,104,0,169,0.46745562130177515
182158578,0,109,0,64,0,219,0,185,0,56,0,279,0.014336917562724014,29,0,92,0
23706998,0,121,0,89,0,265,0,125,0,60,0,44,0,36,0,178,0.02247191011235955
31147072,0,115,0,103,0,57,0,42,0,18,0,67,0,91,0,222,0.03153153153153153
5014572,0,132,0,228,0.039473684210526314,165,0,89,0,82,0,52,0,63,0,18,0
532606,0,90,0.23333333333333334,91,0,112,0,38,0,44,0.13636363636363635,54,0,108,0,137,0
1597751,0,16,0,72,0,119,0,96,0,107,0.07476635514018691,132,0,42,0,17,0
5014573,0,141,0,73,0.0547945205479452,297,0,75,0,79,0,54,0,182,0,189,0
148874,0,69,0.4492753623188406,56,0.5,153,0.5032679738562091,39,0,32,0.3125,153,0,20,0,26,0
355545,0,15,0,103,0,32,0,37,0.5675675675675675,180,0,188,0,58,0,54,0.5185185185185185
518629,0,27,0,133,0,80,0,129,0,76,0,71,0.16901408450704225,60,0,52,0
281,0,43,0,44,0,107,0,284,0,85,0,124,0.056451612903225805,176,0,113,0
834915,0,121,0,87,0,73,0,57,0,123,0,290,0.027586206896551724,122,0,58,0
88153,0,56,0,124,0,109,0,31,0,25,0.2,152,0.02631578947368421,40,0.45,47,0
15058903,0,330,0,24,0,134,0,62,0.24193548387096775,33,0,98,0,100,0,43,0.13953488372093023
1027410,0,126,0,90,0.08888888888888889,34,0,135,0,96,0,32,0,84,0,56,0
1746696,0,169,0.04142011834319527,88,0,197,0,141,0,69,0,137,0,301,0,23,0
5644379,0,60,0,147,0.047619047619047616,101,0,177,0,114,0,121,0,63,0,57,0
976130,0,117,0,121,0,46,0,61,0,276,0,23,0,146,0.0410958904109589,115,0
21528148,0,31,0,280,0,35,0,133,0,118,0,150,0,59,0,61,0.06557377049180328
6153752,0,56,0,285,0.017543859649122806,48,0,36,0,76,0,163,0,179,0,74,0
21538235,0,68,0,88,0,111,0,284,0.035211267605633804,31,0,208,0,146,0,102,0
265774,0,86,0,49,0,88,0,113,0,130,0.17692307692307693,102,0,119,0.5042016806722689,57,0
708,0,45,0,134,0.03731343283582089,28,0,32,0,55,0,41,0,52,0,98,0
1623024,0,46,0,60,0,55,0,56,0,85,0,36,0,152,0.11842105263157894,198,0
2671395,0,84,0,124,0,19,0.2631578947368421,42,0,57,0,22,0,66,0,20,0
189074,0,27,0,138,0.4420289855072464,176,0.5625,178,0,51,0.43137254901960786,100,0.43,16,0,100,0
182443767,0,85,0,420,0.009523809523809525,77,0,87,0,59,0,193,0,112,0,118,0
382051,0,99,0,37,0,18,0,151,0,137,0,128,0.0546875,21,0,66,0
1139122,0,15,0,128,0,142,0,55,0,37,0,118,0.05084745762711865,38,0,40,0
2256718,0,71,0,26,0,130,0.046153846153846156,48,0,25,0,262,0,111,0,34,0
132775,0,57,0,81,0,27,0,55,0.5818181818181818,17,0,90,0,96,0,30,0.4666666666666667
20563498,0,49,0,15,0,72,0,178,0.05056179775280899,92,0,73,0,114,0,22,0
21523782,0,46,0,45,0,71,0,194,0.03608247422680412,38,0,145,0,100,0,53,0
168047,0,55,0,30,0.6,80,0.5,21,0,144,0.3680555555555556,47,0.48936170212765956,153,0,75,0
24815696,0,54,0,101,0,57,0,229,0.026200873362445413,56,0,112,0,26,0,115,0
130625818,0,23,0,22,0,104,0,136,0,52,0,111,0,27,0,163,0.03067484662576687
240770,0,74,0,38,0,87,0,59,0,109,0.11926605504587157,140,0,60,0.4,108,0
1627048,0,177,0,34,0,68,0,174,0,48,0,34,0,141,0.0851063829787234,35,0
994770,0,16,0,102,0,124,0,150,0,19,0,131,0,382,0.3612565445026178,178,0
122035,0,138,0,20,0,40,0,107,0.514018691588785,171,0,37,0,149,0,206,0.49029126213592233
7530724,0,40,0,168,0.02976190476190476,101,0,75,0,84,0,173,0,83,0,173,0
20563487,0,117,0,107,0,74,0,196,0.030612244897959183,50,0,19,0,66,0,72,0
1553,0,33,0,32,0,68,0,122,0,31,0.22580645161290322,119,0,41,0.36585365853658536,36,0
202494,0,127,0,36,0,38,0,130,0,144,0.1736111111111111,67,0,53,0,109,0
791190,0,36,0,69,0,60,0,147,0,55,0,73,0,76,0,55,0.3090909090909091
1506778,0,52,0,88,0,115,0.034782608695652174,53,0,157,0,60,0,251,0,149,0
18981416,0,91,0,145,0,105,0,94,0.14893617021276595,48,0,34,0,267,0,93,0.34408602150537637
555023,0,46,0.15217391304347827,74,0,113,0,125,0,179,0,85,0.16470588235294117,83,0,88,0
5084,0,94,0.574468085106383,44,0.45454545454545453,44,0.4772727272727273,77,0,23,0.34782608695652173,34,0.4117647058823529,304,0,59,0
274489,0,24,0,54,0,66,0,109,0,116,0.13793103448275862,32,0,131,0.3511450381679389,81,0
3504963,0,139,0,110,0,367,0,94,0,214,0.018691588785046728,19,0,69,0,20,0
3585269,0,53,0,90,0,96,0,33,0,66,0,66,0,100,0.04,135,0
31165019,0,62,0,66,0,109,0,97,0,316,0,82,0,78,0,385,0.01038961038961039
20573462,0,59,0,93,0,90,0,67,0,43,0,130,0,152,0,40,0.125
171837727,0,29,0,26,0,83,0,66,0,65,0,93,0,93,0,123,0.032520325203252036
335157,0,239,0.2928870292887029,50,0.28,144,0,57,0,32,0.15625,51,0,155,0,73,0
3743631,0,86,0,40,0,44,0,50,0,56,0,66,0,196,0.02040816326530612,121,0
13709945,0,200,0.02,65,0,54,0,25,0,128,0,23,0,34,0,55,0
202496,0,69,0,93,0,147,0,43,0,43,0.16279069767441862,32,0,57,0.49122807017543857,132,0
362665,0,195,0,67,0,50,0,184,0,278,0,59,0.1016949152542373,174,0,169,0
1174610,0,38,0,192,0,77,0,152,0,115,0,46,0,104,0.16346153846153846,91,0
268133,0,72,0.3194444444444444,109,0.42201834862385323,123,0.04878048780487805,47,0,36,0.2222222222222222,63,0,54,0,121,0
15063972,0,132,0,16,0,105,0,40,0.175,110,0,144,0,63,0,33,0.15151515151515152
527479,0,50,0.08,99,0,47,0,59,0,107,0,123,0,75,0,73,0
79495,0,15,0,65,0,77,0,36,0,54,0.14814814814814814,69,0,127,0.4566929133858268,30,0
3579862,0,100,0,161,0,16,0,27,0,132,0,103,0,124,0.056451612903225805,87,0
20559255,0,115,0,141,0,80,0,77,0,18,0,47,0,26,0,134,0.05223880597014925
29711,0,32,0,79,0,62,0,135,0,88,0.125,172,0,54,0.48148148148148145,126,0
8787,0,52,0,22,0,93,0,27,0.7407407407407407,244,0,31,0,39,0,33,0.45454545454545453
20563489,0,60,0,103,0,193,0,144,0.125,43,0,205,0,67,0,68,0.17647058823529413
29965026,0,43,0,109,0,49,0,66,0,60,0,90,0,20,0,220,0.02727272727272727
2902668,0,29,0,36,0,102,0,92,0.4673913043478261,98,0,67,0,30,0,80,0.5
165755693,0,72,0,62,0,196,0,230,0.02608695652173913,41,0,24,0,72,0,69,0
247647,0,22,0,22,0,78,0,34,0,33,0.18181818181818182,27,0,220,0.4681818181818182,60,0
13391,0,53,0.5283018867924528,130,0,31,0.5161290322580645,120,0,36,0.2777777777777778,64,0.390625,66,0,113,0
4688458,0,22,0,47,0,62,0,48,0,115,0,91,0.04395604395604396,16,0,114,0
445398,0,91,0,53,0,24,0,18,0.6666666666666666,27,0,96,0,110,0,124,0.4435483870967742
38710162,0,25,0,15,0,157,0,157,0.025477707006369428,80,0,37,0,53,0,176,0
38708752,0,49,0,154,0,192,0,73,0,45,0,27,0,167,0,136,0.029411764705882353
511404,0,92,0,92,0,104,0.125,46,0,49,0,47,0,66,0,123,0
1096391,0,41,0,61,0,70,0,132,0.4772727272727273,33,0,24,0,69,0,213,0.43661971830985913
23686297,0,56,0,85,0,48,0,91,0,294,0,36,0,126,0,54,0.1111111111111111
296311,0,103,0.0970873786407767,126,0.047619047619047616,111,0,17,0,29,0,118,0.2966101694915254,68,0,78,0
2682,0,17,0,62,0,141,0,104,0,94,0.1595744680851064,85,0,118,0.3813559322033898,91,0
414251,0,109,0,108,0,33,0,105,0,59,0,112,0.044642857142857144,54,0,106,0
552,0,107,0,116,0,42,0,106,0,75,0,55,0.09090909090909091,31,0,137,0
149745,0,64,0,84,0,262,0,173,0,52,0.17307692307692307,80,0,65,0.5846153846153846,92,0
17615,0,155,0,132,0,282,0,125,0,36,0.2222222222222222,18,0,223,0.5112107623318386,96,0
762168,0,125,0.032,124,0,139,0,143,0,69,0,101,0,28,0,113,0
3286020,0,43,0,58,0,32,0,52,0,405,0.009876543209876543,97,0,51,0,146,0
29971357,0,44,0,84,0,25,0,162,0.030864197530864196,75,0,24,0,131,0,30,0
1966026,0,201,0.01990049751243781,60,0,82,0,173,0,45,0,67,0,57,0,44,0
1631275,0,59,0,54,0,27,0,60,0,67,0,64,0,80,0.0625,73,0
1653297,0,45,0,128,0,240,0,98,0,129,0,59,0,137,0.072992700729927,160,0
20559235,0,98,0,30,0,38,0,88,0.06818181818181818,64,0,113,0,46,0,119,0.05042016806722689
2251216,0,272,0,161,0,73,0.1643835616438356,96,0,43,0,130,0,130,0,48,0
14012876,0,48,0,24,0,133,0,160,0.5125,47,0,183,0,75,0,74,0
2298,0,37,0,274,0,93,0,60,0.4666666666666667,32,0,64,0,134,0,78,0
1758708,0,135,0.05925925925925926,89,0,81,0,205,0,73,0,267,0,44,0,63,0
773301,0,88,0.07954545454545454,25,0,48,0,41,0,250,0.024,31,0,43,0,63,0
15046254,0,29,0,77,0,32,0,29,0.1724137931034483,102,0,35,0,267,0,115,0.2
20727976,0,30,0,166,0,24,0,89,0.06741573033707865,128,0,90,0,77,0,136,0.058823529411764705
18968230,0,101,0,30,0,52,0,144,0.2986111111111111,65,0,40,0,60,0,113,0.18584070796460178
32774,0,134,0,119,0,65,0,27,0,72,0.16666666666666666,104,0.038461538461538464,113,0.415929203539823,214,0
335155,0,82,0.10975609756097561,193,0,73,0,52,0,119,0,176,0,39,0,26,0
1116670,0,188,0,34,0,100,0,73,0.4246575342465753,96,0,51,0,55,0,70,0
786112,0,32,0,39,0,35,0,27,0.2962962962962963,64,0,42,0,61,0,156,0.5128205128205128
1741375,0,195,0.08717948717948718,109,0,61,0,55,0,62,0,47,0,130,0,17,0
4474173,0,238,0,65,0,137,0.0364963503649635,75,0,102,0,68,0,157,0,167,0
191417,0,82,0,109,0,87,0,92,0,65,0.09230769230769231,94,0.0425531914893617,30,0.3333333333333333,135,0
7344,0,49,0,66,0,127,0,67,0,34,0.14705882352941177,115,0,143,0.5524475524475524,108,0
27058182,0,17,0,72,0,48,0,18,0,61,0,42,0,210,0.023809523809523808,60,0
341332,0,67,0.2537313432835821,106,0.20754716981132076,28,0,68,0,76,0.13157894736842105,38,0,116,0,98,0
1010696,0,198,0,67,0.23880597014925373,50,0,132,0,35,0,61,0,44,0,61,0
2165,0,54,0,59,0,161,0,139,0,81,0.13580246913580246,26,0,106,0.5754716981132075,20,0
1653274,0,72,0,29,0,80,0,16,0,73,0,116,0,396,0.04040404040404041,52,0
21538234,0,61,0,114,0,40,0,145,0.034482758620689655,183,0,57,0,123,0,98,0
13002,0,71,0,64,0,50,0,113,0.4690265486725664,54,0,65,0,267,0,203,0.47783251231527096
156249450,0,55,0,47,0,75,0,169,0,50,0,50,0,20,0,142,0.028169014084507043
27611,0,216,0.5231481481481481,175,0.4057142857142857,68,0.4852941176470588,69,0,83,0.27710843373493976,34,0.23529411764705882,127,0,36,0
30730103,0,25,0,66,0,165,0,299,0,36,0,44,0,101,0.039603960396039604,103,0
749341,0,142,0.06338028169014084,51,0,91,0,34,0,62,0,17,0,49,0,76,0
532605,0,71,0,158,0,15,0,121,0,93,0,143,0.21678321678321677,115,0,68,0
654080,0,103,0,19,0,49,0,54,0,85,0.08235294117647059,224,0,73,0,22,0
1174617,0,29,0,63,0,66,0,125,0,52,0,130,0,187,0.058823529411764705,177,0
527477,0,364,0.25,42,0,85,0,128,0,106,0.14150943396226415,39,0,23,0,27,0
822032,0,28,0,26,0,71,0,20,0,17,0,68,0.058823529411764705,125,0,54,0
29965149,0,122,0,109,0,38,0,99,0,25,0,24,0,64,0,79,0.05063291139240506
873989,0,114,0,45,0,138,0,89,0,75,0,77,0.06493506493506493,47,0,85,0
171842207,0,89,0,66,0,73,0,43,0,84,0,51,0,187,0,311,0.01929260450160772
315281,0,32,0.15625,70,0,57,0,112,0,92,0.06521739130434782,49,0.1836734693877551,72,0,131,0
1189442,0,184,0,22,0,67,0,92,0,19,0,210,0,200,0.085,125,0
7541617,0,81,0,385,0.03636363636363636,154,0,68,0,154,0,85,0,15,0,30,0
1758737,0,315,0.012698412698412698,31,0,116,0,142,0,20,0,58,0,20,0,65,0
175423,0,58,0,53,0,112,0,156,0,119,0.15126050420168066,42,0,99,0.5252525252525253,34,0
19103081,0,260,0,271,0,27,0,90,0,145,0,52,0,314,0.012738853503184714,83,0
7547636,0,46,0,212,0.02358490566037736,67,0,73,0,100,0,166,0,27,0,79,0
4320673,0,30,0,43,0,101,0.039603960396039604,66,0,89,0,42,0,66,0,132,0
3996551,0,24,0,154,0,80,0.05,83,0,155,0,39,0,17,0,145,0
5760078,0,48,0,98,0,31,0,85,0,204,0.024509803921568627,79,0,91,0,20,0
1833149,0,121,0,72,0.05555555555555555,57,0,153,0,115,0,64,0,68,0,22,0
12168,0,49,0.5918367346938775,52,0.40384615384615385,159,0.46540880503144655,17,0,84,0.2976190476190476,54,0.3888888888888889,122,0,84,0
4478300,0,106,0,65,0,125,0.032,48,0,116,0,32,0,25,0,91,0
662614,0,47,0,71,0,108,0,92,0,86,0.11627906976744186,172,0,108,0.48148148148148145,323,0
4022875,0,57,0,49,0,68,0.058823529411764705,137,0,48,0,32,0,50,0,45,0
58,0,178,0,552,0,54,0,328,0.4817073170731707,52,0,87,0,92,0,64,0.390625
4320696,0,103,0,55,0,238,0.02100840336134454,20,0,15,0,110,0,80,0,130,0
4,0,108,0,110,0,148,0,45,0.4666666666666667,26,0,71,0,71,0,145,0.5241379310344828
21519757,0,140,0,76,0,57,0,29,0,125,0,58,0,112,0,121,0.06611570247933884
18986845,0,80,0,50,0,41,0,332,0.04819277108433735,150,0,37,0,49,0,83,0
189073,0,76,0.5657894736842105,101,0.43564356435643564,186,0.5,28,0,115,0.34782608695652173,155,0.36774193548387096,39,0,69,0
268131,0,164,0,21,0,121,0.2231404958677686,43,0,179,0.1564245810055866,53,0.22641509433962265,35,0,85,0
20706775,0,149,0,40,0,57,0,186,0,69,0,101,0,87,0,53,0.07547169811320754
1728434,0,64,0.15625,44,0,72,0,92,0,51,0,178,0,48,0,48,0
2262595,0,59,0,88,0,134,0.08208955223880597,85,0,91,0,40,0,133,0,123,0
20555376,0,55,0,86,0,180,0,121,0.06611570247933884,157,0,44,0,119,0,37,0
11372647,0,96,0,170,0,56,0,69,0.43478260869565216,83,0,76,0,34,0,49,0.46938775510204084
148875,0,128,0.5546875,172,0.4476744186046512,84,0.4523809523809524,77,0,87,0.26436781609195403,27,0.4074074074074074,15,0,63,0
82349,0,41,0,110,0,19,0,138,0.4420289855072464,211,0,17,0,51,0,20,0.55
9,0,41,0.4146341463414634,67,0.5074626865671642,98,0.5510204081632653,157,0,153,0.49673202614379086,53,0.37735849056603776,34,0.29411764705882354,67,0
112416,0,24,0,90,0,30,0,69,0,31,0,84,0.07142857142857142,148,0.4189189189189189,73,0
15075676,0,57,0,288,0,136,0,49,0,29,0,60,0,81,0,20,0.2
1939954,0,22,0,43,0,42,0,42,0,104,0.04807692307692308,29,0,67,0,55,0
2701638,0,61,0,88,0,138,0.057971014492753624,64,0,102,0,126,0,53,0,55,0
18742182,0,60,0,277,0.032490974729241874,73,0,19,0,164,0,168,0,88,0,144,0
3575408,0,99,0,197,0,59,0,160,0,75,0,125,0,155,0.03225806451612903,74,0
121279165,0,29,0,79,0,84,0,265,0.018867924528301886,34,0,184,0,96,0,140,0
4253596,0,94,0,172,0,27,0,60,0,37,0,53,0,186,0.021505376344086023,66,0
21523801,0,103,0,104,0,37,0,84,0.047619047619047616,170,0,168,0,118,0,171,0.07602339181286549
2684343,0,60,0,90,0,180,0.027777777777777776,69,0,71,0,85,0,24,0,46,0
885991,0,169,0,62,0,108,0,105,0,43,0,227,0.02643171806167401,20,0,57,0
21528175,0,56,0,51,0,37,0,47,0.0851063829787234,50,0,72,0,47,0,34,0
1852,0,140,0,135,0,155,0,89,0.48314606741573035,54,0,20,0,186,0,37,0.5405405405405406
15708268,0,25,0,152,0,61,0,65,0,34,0,240,0.020833333333333332,18,0,125,0
20573464,0,81,0,86,0,108,0,103,0.0970873786407767,145,0,69,0,60,0,35,0
527485,0,234,0.04700854700854701,40,0,149,0,206,0,42,0,42,0,26,0,32,0
4010791,0,55,0,26,0,255,0.03137254901960784,91,0,56,0,36,0,111,0,310,0
1602424,0,131,0,62,0,46,0,68,0,142,0.04929577464788732,155,0,88,0,99,0
1758719,0,126,0.031746031746031744,94,0,29,0,54,0,132,0.03787878787878788,187,0,64,0,242,0
64,0,86,0,23,0,152,0,40,0.55,26,0,54,0,23,0,52,0.5
2695266,0,42,0,39,0,115,0.034782608695652174,46,0,45,0,22,0,142,0,23,0
1846503,0,115,0,179,0.027932960893854747,105,0,104,0,72,0,40,0,61,0,169,0
2241837,0,86,0,52,0,111,0.14414414414414414,104,0,39,0,242,0,30,0,70,0
3992680,0,31,0,215,0,99,0.09090909090909091,26,0,63,0,152,0,36,0,40,0
6167206,0,40,0,180,0.03333333333333333,199,0,19,0,70,0,163,0,17,0,115,0
581723,0,64,0,95,0,49,0,52,0,173,0,79,0.0759493670886076,85,0,130,0
168016928,0,67,0,196,0.02040816326530612,162,0,71,0,20,0,80,0,51,0,69,0
6157888,0,38,0,89,0.0449438202247191,60,0,25,0,165,0,170,0,25,0,148,0
1631276,0,25,0,121,0,47,0,67,0,36,0,57,0,204,0.08333333333333333,84,0
31165851,0,62,0,61,0,59,0,165,0.024242424242424242,109,0,54,0,64,0,30,0
54090048,0,260,0,53,0,15,0,107,0,76,0,105,0,91,0,157,0.025477707006369428
44701,0,106,0,55,0,74,0,96,0,287,0,101,0.0891089108910891,39,0,279,0
3498919,0,66,0,56,0,107,0,70,0,408,0.012254901960784314,48,0,65,0,82,0
182149996,0,209,0,23,0,219,0,52,0,148,0,168,0.023809523809523808,94,0,26,0
43042,0,145,0,69,0,15,0,120,0.5416666666666666,131,0,214,0,63,0,22,0.5454545454545454
81043956,0,15,0,156,0,66,0,107,0,35,0,143,0,31,0,152,0.02631578947368421
575285,0,162,0.030864197530864196,217,0,197,0,37,0,47,0,287,0,40,0,217,0
193,0,57,0,109,0,88,0,47,0,174,0,98,0.05102040816326531,82,0,72,0
5630089,0,49,0,194,0.020618556701030927,25,0,124,0,133,0,30,0,34,0,150,0
19142893,0,49,0,62,0,87,0,73,0,136,0.029411764705882353,53,0,206,0,26,0
94067,0,18,0,76,0,76,0,68,0,301,0,79,0,137,0.051094890510948905,25,0
3484163,0,193,0.02072538860103627,58,0,40,0,21,0,104,0,18,0,78,0,108,0
5592624,0,165,0.030303030303030304,26,0,102,0,52,0,129,0,62,0,210,0,25,0
305,0,100,0,91,0,147,0,65,0.5384615384615384,62,0,60,0,128,0,39,0.5128205128205128
559472,0,61,0,18,0,25,0,21,0,100,0,81,0.08641975308641975,46,0,70,0
5027973,0,49,0,89,0.06741573033707865,58,0,103,0,105,0,80,0,139,0,47,0
3286087,0,156,0.03205128205128205,170,0,84,0,156,0,129,0,116,0,51,0,116,0
1158,0,165,0,176,0.028409090909090908,62,0,246,0,50,0,91,0,25,0,70,0
31151402,0,162,0,99,0,142,0,34,0,57,0,47,0,249,0,220,0.01818181818181818
78283169,0,22,0,118,0,134,0,106,0.03773584905660377,77,0,49,0,127,0,39,0
6746402,0,50,0,130,0,24,0,272,0,62,0,79,0,189,0.021164021164021163,89,0
179816,0,64,0.71875,88,0.5,88,0.5454545454545454,62,0,148,0.27702702702702703,16,0,20,0,21,0
379,0,153,0,72,0,16,0,50,0,43,0.13953488372093023,91,0,38,0.5,37,0
413,0,173,0,161,0,132,0,33,0,75,0.18666666666666668,85,0,145,0.5310344827586206,51,0
3673,0,251,0,132,0.05303030303030303,154,0,255,0,215,0,37,0,68,0,111,0
4488431,0,37,0,67,0,86,0.046511627906976744,95,0,113,0,72,0,74,0,136,0
20579174,0,59,0,57,0,26,0,76,0,37,0,68,0,193,0,160,0.025
1641125,0,42,0,20,0,82,0,51,0,81,0,236,0,193,0.10880829015544041,33,0
311395,0,246,0,55,0.3090909090909091,52,0,19,0,70,0.14285714285714285,142,0.035211267605633804,49,0,54,0
1959708,0,212,0.02830188679245283,124,0,101,0,36,0,255,0.0196078431372549,70,0,217,0,199,0
2675213,0,124,0,99,0,71,0.056338028169014086,88,0,64,0,84,0,25,0,84,0
64575266,0,55,0,45,0,24,0,148,0,249,0,69,0,127,0,120,0.041666666666666664
1170602,0,76,0,97,0,36,0,67,0,73,0,93,0,119,0.15966386554621848,33,0
20721809,0,140,0,158,0,164,0,98,0.10204081632653061,104,0,22,0,80,0,50,0
4300839,0,87,0,48,0,101,0.06930693069306931,61,0,293,0,85,0,196,0,90,0
80717,0,62,0,183,0,20,0,27,0.5555555555555556,27,0,73,0,202,0,61,0.5409836065573771
9600,0,35,0,48,0,38,0,261,0.5134099616858238,87,0,92,0,25,0,34,0.5294117647058824
20585445,0,182,0,43,0,129,0,115,0.0782608695652174,144,0,40,0,124,0,69,0
1,0,203,0.4975369458128079,130,0.5,26,0.7307692307692307,74,0.527027027027027,30,0.36666666666666664,66,0.42424242424242425,56,0,58,0.5689655172413793
52132923,0,136,0,103,0.038834951456310676,61,0,96,0,59,0,51,0,55,0,30,0
1851842,0,45,0,86,0.046511627906976744,16,0,29,0,112,0,98,0,33,0,29,0
977179,0,41,0,178,0,91,0,56,0,62,0.08064516129032258,103,0,208,0,20,0
1619462,0,46,0,121,0,76,0,70,0,118,0.05084745762711865,100,0,188,0,20,0
551094,0,16,0,16,0,45,0,52,0,94,0.06382978723404255,63,0,94,0,145,0
4320738,0,32,0,173,0,169,0.023668639053254437,22,0,51,0,51,0,54,0,50,0
175694,0,196,0.5,86,0.4883720930232558,25,0.44,34,0,120,0.35,66,0.45454545454545453,113,0,24,0
4474090,0,160,0,280,0,172,0.029069767441860465,36,0,93,0,25,0,70,0,106,0
1613161,0,94,0,131,0,95,0,15,0,127,0.03937007874015748,33,0,41,0,56,0
20706776,0,63,0,124,0,66,0,47,0.10638297872340426,59,0,83,0,119,0,140,0.04285714285714286
9617,0,87,0,73,0,92,0,22,0,63,0.07936507936507936,153,0.058823529411764705,72,0.5277777777777778,63,0
1793,0,117,0,24,0,290,0,17,0,136,0.1323529411764706,107,0.037383177570093455,105,0,108,0
88154,0,18,0,189,0,29,0,87,0,53,0.22641509433962265,22,0,21,0.5714285714285714,47,0
1589578,0,39,0,33,0,35,0,111,0,195,0.07179487179487179,64,0,130,0,85,0
773270,0,32,0.15625,73,0,54,0,160,0,66,0.12121212121212122,105,0,37,0,28,0
581764,0,248,0.11290322580645161,40,0,142,0,53,0,98,0,181,0,49,0,26,0
357227,0,319,0,99,0,34,0,111,0,28,0,113,0.07079646017699115,165,0,37,0
335159,0,72,0.3055555555555556,23,0.34782608695652173,121,0.049586776859504134,40,0,89,0.14606741573033707,46,0,34,0,290,0
5033327,0,139,0,59,0.11864406779661017,18,0,92,0,34,0,94,0,146,0,17,0
749333,0,130,0.05384615384615385,32,0,81,0,52,0,184,0.04891304347826087,90,0,41,0,83,0
24794202,0,21,0,43,0,77,0,75,0,70,0,94,0,127,0,129,0.031007751937984496
2246328,0,87,0,49,0,134,0.13432835820895522,30,0,77,0,33,0,68,0,91,0
650345,0,47,0,56,0,82,0,68,0,116,0.19827586206896552,35,0,42,0.5476190476190477,74,0
825996,0,17,0,86,0,99,0,35,0,54,0,180,0.03888888888888889,37,0,189,0
23706828,0,69,0,52,0,29,0,107,0.037383177570093455,101,0,96,0,155,0,239,0
19089002,0,164,0,154,0,55,0,213,0,31,0,146,0,222,0.018018018018018018,104,0
2256684,0,29,0,24,0,183,0.15846994535519127,80,0,27,0,30,0,90,0,32,0
1851859,0,76,0,93,0.08602150537634409,26,0,200,0,109,0,31,0,50,0,84,0
15046255,0,74,0,125,0,26,0,59,0,91,0,38,0,21,0,52,0.17307692307692307
165816166,0,24,0,26,0,154,0,46,0,44,0,289,0.01384083044982699,28,0,86,0
4500818,0,85,0,143,0,101,0.039603960396039604,102,0,33,0,214,0,72,0,121,0
9767,0,85,0.43529411764705883,31,0.5483870967741935,96,0.5520833333333334,90,0,16,0.375,90,0.4,32,0,70,0
1819712,0,24,0,111,0,37,0,74,0,190,0.021052631578947368,59,0,63,0,57,0
889,0,100,0.44,84,0.4166666666666667,102,0.4803921568627451,37,0,139,0.31654676258992803,61,0.3442622950819672,40,0,79,0
86,0,103,0.5048543689320388,59,0.559322033898305,89,0.5056179775280899,16,0,60,0.5,107,0.5607476635514018,80,0.5125,57,0
286313,0,89,0,64,0,37,0.32432432432432434,60,0,76,0,37,0.16216216216216217,80,0,86,0
845942,0,28,0,42,0,48,0,192,0,64,0,73,0.0821917808219178,119,0,141,0
21544229,0,59,0,63,0,57,0,135,0,74,0,87,0,99,0,106,0.07547169811320754
5187209,0,203,0,137,0,217,0.02304147465437788,81,0,94,0,34,0,52,0,41,0
79494,0,85,0,198,0,76,0,22,0,167,0.11976047904191617,46,0,26,0.5,108,0
18968231,0,136,0,32,0,31,0,73,0.3013698630136986,99,0,55,0,78,0,109,0.1743119266055046
382052,0,73,0,118,0,36,0,76,0,44,0,77,0.05194805194805195,57,0,176,0
7298,0,121,0.5289256198347108,101,0.4158415841584158,34,0.5294117647058824,78,0,109,0.3944954128440367,167,0,51,0,19,0
335158,0,35,0.3142857142857143,65,0.4461538461538462,144,0.05555555555555555,173,0,46,0,74,0,82,0,45,0
1023,0,28,0,32,0,104,0,107,0,186,0.15053763440860216,142,0.035211267605633804,55,0.4,88,0
86561,0,25,0,161,0.024844720496894408,152,0,23,0,272,0,96,0,68,0,135,0
868755,0,114,0,99,0,72,0,22,0,86,0,90,0.12222222222222222,127,0,85,0
185438,0,62,0,72,0,57,0,128,0,152,0.1513157894736842,50,0,71,0.4788732394366197,18,0
18999314,0,48,0,70,0,120,0,86,0,252,0,87,0,27,0,104,0.0673076923076923
2246315,0,191,0,135,0,64,0.078125,94,0,59,0,22,0,128,0,51,0
581716,0,72,0,99,0,112,0,17,0,50,0,126,0.06349206349206349,47,0,62,0
514876,0,49,0.14285714285714285,33,0,65,0,72,0,59,0,107,0.16822429906542055,39,0,68,0
564194,0,38,0.2631578947368421,86,0,38,0,47,0,82,0,80,0,17,0,68,0
15574539,0,28,0,52,0,51,0,18,0,222,0.018018018018018018,15,0,49,0,51,0
4253,0,67,0.5074626865671642,57,0,162,0.5,22,0,162,0,74,0.5,15,0,89,0
3286253,0,147,0.04081632653061224,24,0,61,0,120,0,51,0,78,0,117,0,187,0
2689555,0,78,0,17,0,112,0.044642857142857144,43,0,88,0,51,0,46,0,59,0
20706743,0,63,0,64,0,145,0,248,0.016129032258064516,20,0,127,0,125,0,65,0
52347,0,161,0,103,0,71,0,31,0.5483870967741935,174,0,265,0,34,0,51,0
182440230,0,55,0,156,0.02564102564102564,50,0,48,0,124,0,152,0,185,0,114,0
178860,0,66,0,55,0,115,0,84,0,98,0.1836734693877551,19,0,120,0.5083333333333333,82,0
845949,0,15,0,69,0,93,0,18,0,171,0,66,0.06060606060606061,65,0,65,0
1646839,0,89,0,135,0,38,0,59,0,36,0,110,0,70,0.17142857142857143,127,0
4022819,0,111,0,184,0,96,0.041666666666666664,28,0,26,0,63,0,64,0,45,0
121283381,0,112,0,64,0,30,0,374,0.0106951871657754,31,0,31,0,53,0,95,0
547517,0,53,0,20,0,25,0,27,0,52,0,262,0.022900763358778626,97,0,181,0
3575332,0,62,0,62,0,117,0,223,0,84,0,91,0,204,0.024509803921568627,70,0
21532922,0,42,0,46,0,123,0,47,0,34,0,76,0,41,0,169,0.029585798816568046
48701,0,44,0,68,0,121,0,91,0,42,0,123,0.06504065040650407,93,0,139,0
23700889,0,76,0,78,0,43,0,36,0,41,0,154,0,113,0,88,0.045454545454545456
11049733,0,18,0,232,0.017241379310344827,100,0,209,0,258,0,33,0,15,0,41,0
604728,0,68,0,67,0,90,0,58,0,148,0,161,0.043478260869565216,34,0,88,0
73367721,0,92,0,92,0,86,0,42,0,156,0,185,0.021621621621621623,186,0,105,0
156104,0,53,0.39622641509433965,128,0.4140625,27,0,20,0,65,0.27692307692307694,114,0.3157894736842105,101,0,46,0
749332,0,98,0.07142857142857142,86,0,38,0,43,0,164,0.024390243902439025,23,0,58,0,78,0
21519759,0,26,0,181,0,134,0,101,0.039603960396039604,31,0,24,0,35,0,19,0
3159871,0,31,0,38,0,41,0,87,0,130,0,233,0.017167381974248927,55,0,30,0
3139424,0,124,0,35,0,81,0,15,0,129,0,197,0.02030456852791878,92,0,44,0
1589577,0,42,0,29,0,53,0,88,0,52,0.1346153846153846,91,0,55,0,73,0
1851860,0,95,0,149,0.09395973154362416,184,0,88,0,128,0,120,0,343,0,60,0
972299,0,95,0,124,0,104,0,18,0,96,0.041666666666666664,134,0.029850746268656716,45,0.4222222222222222,78,0
23690612,0,47,0,55,0,91,0,18,0,170,0,186,0,24,0,78,0.05128205128205128
575290,0,113,0.07079646017699115,237,0,23,0,34,0,60,0,94,0,177,0,19,0
307896,0,39,0,52,0,199,0.18592964824120603,103,0,25,0,53,0,78,0,174,0
31151070,0,58,0,40,0,157,0,134,0.029850746268656716,109,0,44,0,67,0,82,0
1741283,0,163,0.03680981595092025,81,0,62,0,93,0,57,0,111,0,69,0,65,0
46134992,0,73,0,79,0,124,0,51,0,31,0,47,0,97,0,85,0.058823529411764705
1825997,0,28,0,98,0,112,0,33,0,205,0.01951219512195122,46,0,31,0,262,0
757494,0,95,0.042105263157894736,146,0,65,0,69,0,159,0,78,0,121,0,154,0
493,0,91,0,22,0,166,0,57,0.49122807017543857,35,0,69,0,67,0,18,0.4444444444444444
22032,0,75,0,36,0,34,0,158,0.5253164556962026,45,0,167,0,59,0,53,0.5849056603773585
204277,0,34,0,15,0,86,0,33,0,41,0,87,0,83,0.04819277108433735,111,0
70037,0,56,0,57,0,54,0,47,0,25,0.28,15,0,157,0.42038216560509556,31,0
3748880,0,80,0,30,0,102,0,129,0,87,0,69,0,213,0.03755868544600939,129,0
23701053,0,79,0,89,0,141,0,153,0.058823529411764705,81,0,118,0,233,0,85,0
247648,0,219,0,113,0,29,0,57,0,186,0.15591397849462366,163,0,93,0.4731182795698925,63,0
5644410,0,174,0,120,0.03333333333333333,51,0,173,0,134,0,43,0,177,0,100,0
485963,0,77,0,35,0,103,0.1650485436893204,96,0,141,0,153,0,113,0,157,0
1746586,0,45,0,94,0,63,0,63,0,120,0.03333333333333333,138,0,105,0,36,0
762154,0,129,0,153,0,31,0,98,0,88,0.09090909090909091,337,0,69,0,77,0
1261260,0,38,0,32,0,64,0,92,0,104,0,58,0.06896551724137931,60,0,26,0
1174611,0,69,0,53,0,115,0,76,0,26,0,132,0,105,0.11428571428571428,109,0
191418,0,132,0,57,0,99,0,17,0,92,0.10869565217391304,138,0.028985507246376812,64,0.40625,52,0
76617,0,38,0.5789473684210527,35,0.5428571428571428,65,0.46153846153846156,98,0,65,0.35384615384615387,102,0.43137254901960786,50,0,169,0.023668639053254437
988457,0,41,0,45,0,48,0,202,0,43,0,104,0,167,0.04790419161676647,62,0
647774,0,133,0,210,0,43,0,20,0,286,0,41,0,135,0.037037037037037035,90,0
341338,0,19,0,28,0,38,0,97,0,73,0.1095890410958904,98,0,96,0,58,0
2269190,0,133,0,145,0,125,0.104,54,0,38,0,216,0,32,0,174,0
296312,0,25,0,95,0,114,0,38,0,133,0.06766917293233082,58,0.25862068965517243,68,0,159,0
21519763,0,89,0,161,0,69,0,71,0.08450704225352113,112,0,86,0,75,0,24,0
2246326,0,313,0,111,0,194,0.07731958762886598,74,0,49,0,32,0,169,0,99,0
53215,0,46,0,112,0.03571428571428571,25,0,46,0,149,0,115,0,64,0,82,0
1741348,0,142,0.028169014084507043,56,0,87,0,161,0,65,0,41,0,58,0,62,0
654076,0,111,0,81,0,101,0,44,0,81,0.16049382716049382,151,0,46,0.3695652173913043,81,0
34573044,0,92,0,78,0,285,0.014035087719298246,52,0,123,0,339,0,91,0,62,0
505,0,57,0,106,0,16,0,59,0,129,0.20155038759689922,97,0,54,0.6296296296296297,109,0
274488,0,28,0,73,0,84,0.15476190476190477,108,0,27,0,41,0.3170731707317073,119,0,98,0
14023340,0,37,0,62,0,121,0,32,0,144,0,35,0,156,0,240,0.020833333333333332
1713267,0,17,0,168,0.023809523809523808,91,0,87,0,136,0,27,0,101,0,106,0
1758749,0,124,0.04032258064516129,26,0,59,0,59,0,102,0,56,0,47,0,105,0
13001,0,77,0,230,0,25,0,109,0.5412844036697247,97,0,56,0,66,0,82,0.573170731707317
855901,0,57,0,65,0,28,0,32,0,33,0,136,0.029411764705882353,64,0,158,0
14035486,0,172,0,45,0,67,0,104,0,234,0,112,0,32,0,70,0.32857142857142857
859722,0,106,0,62,0,77,0,55,0,78,0,192,0.07291666666666667,75,0,153,0
13003,0,35,0,160,0,27,0,186,0.45161290322580644,60,0,171,0,129,0,65,0.36923076923076925
499716,0,60,0,42,0,59,0.13559322033898305,15,0,112,0,38,0,105,0,62,0
830155,0,30,0,139,0,62,0,34,0,91,0,163,0.03680981595092025,26,0,58,0
982565,0,156,0,97,0,43,0,49,0,115,0,75,0,81,0.06172839506172839,43,0
6791874,0,90,0,122,0,24,0,102,0,35,0,356,0.011235955056179775,72,0,156,0
3267998,0,116,0.034482758620689655,44,0,88,0,90,0,237,0.016877637130801686,88,0,115,0,86,0
105493,0,104,0,81,0,53,0,250,0,166,0.16265060240963855,171,0,65,0.4307692307692308,113,0
6162333,0,61,0,130,0.03076923076923077,37,0,70,0,79,0,164,0,111,0,38,0
1948906,0,142,0.056338028169014086,37,0,64,0,111,0,76,0,107,0,116,0,140,0
514877,0,132,0.09090909090909091,125,0,26,0,157,0,103,0.05825242718446602,90,0.1,94,0,28,0
311396,0,46,0.08695652173913043,72,0,59,0,106,0,103,0,65,0.13846153846153847,38,0,131,0
6977070,0,306,0,98,0,59,0,138,0,160,0,322,0.012422360248447204,38,0,24,0
29965025,0,45,0,18,0,139,0,28,0,87,0,83,0,50,0,82,0.06097560975609756
24794098,0,161,0,73,0,87,0,65,0,53,0,112,0,26,0,119,0.04201680672268908
20579156,0,153,0,44,0,102,0,57,0.12280701754385964,86,0,67,0,26,0,60,0.08333333333333333
551083,0,50,0,96,0,118,0,27,0,37,0,111,0.08108108108108109,124,0,68,0
3738754,0,50,0,171,0,77,0,95,0,138,0,120,0,124,0.04032258064516129,109,0
1732296,0,106,0,58,0,65,0,35,0,265,0.04150943396226415,29,0,25,0,163,0
2246316,0,181,0,148,0,42,0.19047619047619047,34,0,122,0,25,0,89,0,56,0
753249,0,41,0.17073170731707318,143,0,110,0,140,0,34,0,140,0,96,0,152,0
7526061,0,108,0,313,0.02875399361022364,53,0,71,0,24,0,24,0,152,0,64,0
20727920,0,33,0,142,0,87,0,122,0.03278688524590164,224,0,44,0,24,0,118,0.03389830508474576
4488589,0,40,0,160,0,133,0.03007518796992481,85,0,78,0,82,0,84,0,21,0
20706744,0,25,0,25,0,53,0,211,0.023696682464454975,31,0,82,0,117,0,61,0
564226,0,95,0,15,0,91,0,122,0,56,0,65,0.12307692307692308,21,0,171,0
3579863,0,65,0,57,0,122,0,28,0,55,0,155,0,133,0.03759398496240601,29,0
50898469,0,51,0,111,0,20,0,63,0,163,0,40,0,235,0.01702127659574468,52,0
6178496,0,34,0,123,0.032520325203252036,100,0,34,0,79,0,29,0,48,0,33,0
581724,0,116,0,61,0,123,0,61,0,51,0,105,0.06666666666666667,93,0,25,0
2760825,0,43,0,232,0.02586206896551724,36,0,103,0,113,0,17,0,99,0,27,0
1195160,0,35,0,53,0,57,0,46,0,60,0,160,0,157,0.08280254777070063,113,0
2701701,0,22,0,53,0,91,0.07692307692307693,70,0,58,0,94,0,142,0,47,0
806,0,30,0.4,180,0.45555555555555555,31,0.5806451612903226,18,0,27,0.2222222222222222,19,0.21052631578947367,62,0,22,0
2701639,0,48,0,117,0,195,0.06666666666666667,66,0,122,0,47,0,44,0,97,0
679419,0,246,0,67,0,190,0,148,0,99,0.20202020202020202,241,0.03734439834024896,49,0.46938775510204084,299,0
24257,0,81,0.5308641975308642,54,0.5370370370370371,46,0.5434782608695652,108,0,48,0.3333333333333333,134,0.3358208955223881,81,0,29,0
494678,0,49,0,138,0,73,0.1095890410958904,21,0,163,0,214,0,168,0,99,0
527482,0,52,0,33,0,22,0,173,0,24,0,152,0.125,100,0,28,0
86511701,0,47,0,28,0,97,0,158,0,34,0,192,0.020833333333333332,36,0,18,0
4238372,0,66,0,27,0,19,0,167,0,154,0,17,0,112,0.044642857142857144,68,0
805,0,26,0.4230769230769231,23,0.34782608695652173,110,0.5,49,0,204,0.3088235294117647,21,0.47619047619047616,75,0,27,0
14004097,0,26,0,42,0,97,0,69,0.463768115942029,163,0,56,0,58,0,107,0.5233644859813084
779630,0,42,0.11904761904761904,56,0,61,0,70,0,68,0,125,0,25,0,111,0
1746565,0,162,0.06172839506172839,143,0,96,0,107,0,122,0,108,0,147,0,99,0
1837170,0,27,0,70,0.05714285714285714,89,0,100,0,60,0,76,0,59,0,28,0
982567,0,45,0,66,0,30,0,64,0,170,0.03529411764705882,41,0,22,0,90,0
660,0,22,0,30,0,56,0,103,0,43,0,128,0.0390625,60,0,55,0
20568272,0,43,0,15,0,207,0,65,0,113,0,66,0,22,0,342,0.05847953216374269
3760880,0,53,0,53,0,40,0,133,0,76,0,60,0,274,0.014598540145985401,32,0
1379,0,47,0,149,0.040268456375838924,69,0,63,0,42,0,66,0,57,0,91,0
511406,0,117,0,37,0,117,0.1452991452991453,106,0,64,0,57,0,105,0,25,0
9388335,0,227,0.01762114537444934,24,0,121,0,24,0,110,0,70,0,199,0,90,0
994769,0,104,0,15,0,32,0,43,0,26,0,57,0,103,0.3592233009708738,80,0
564186,0,144,0.09027777777777778,46,0,87,0,69,0,79,0,98,0.05102040816326531,86,0,28,0
1597752,0,18,0,50,0,196,0,120,0,135,0.08148148148148149,33,0,109,0,35,0
1243073,0,205,0,127,0,127,0,97,0,112,0,133,0.03007518796992481,23,0,170,0
1631295,0,100,0,79,0,62,0,118,0,115,0,90,0,108,0.037037037037037035,116,0
24803791,0,73,0,60,0,54,0,66,0,25,0,100,0,38,0,203,0.019704433497536946
1015780,0,215,0,69,0.07246376811594203,110,0,62,0,32,0,119,0,275,0,57,0
3268198,0,309,0.016181229773462782,17,0,66,0,57,0,30,0,78,0,105,0,265,0
24786373,0,116,0,126,0,52,0,143,0.04195804195804196,49,0,218,0,204,0,15,0
1613137,0,90,0,15,0,70,0,28,0,128,0.0390625,90,0,117,0,62,0
301835,0,47,0.10638297872340426,230,0,122,0,20,0,215,0.03255813953488372,30,0.2,19,0,47,0
31147574,0,63,0,71,0,47,0,171,0.023391812865497075,80,0,20,0,148,0,44,0
4554619,0,133,0,66,0,19,0,39,0,26,0,215,0.023255813953488372,145,0,84,0
514875,0,25,0,52,0,108,0,201,0,82,0,61,0.22950819672131148,55,0,94,0
102076,0,27,0.2962962962962963,25,0.44,23,0.43478260869565216,133,0,115,0.40869565217391307,41,0.5121951219512195,16,0,66,0
18986842,0,110,0,217,0,114,0,130,0.12307692307692308,145,0,63,0,93,0,80,0.05
14,0,77,0,19,0,74,0,112,0,50,0,118,0,216,0.018518518518518517,208,0.46153846153846156
23682292,0,72,0,74,0,111,0,188,0.026595744680851064,35,0,25,0,43,0,114,0
153409162,0,24,0,141,0,40,0,145,0,143,0,155,0.03225806451612903,55,0,74,0
1148283,0,162,0,115,0,70,0,83,0,137,0,61,0.09836065573770492,27,0,110,0
1758649,0,106,0.05660377358490566,59,0,33,0,35,0,65,0,106,0,134,0,34,0
278070,0,168,0.14285714285714285,97,0,32,0.21875,85,0,33,0,67,0.22388059701492538,48,0,90,0
21538236,0,153,0,70,0,17,0,185,0,22,0,84,0,67,0,73,0.0684931506849315
575267,0,116,0,62,0,141,0,23,0,108,0,219,0.045662100456621,39,0,47,0
1135532,0,277,0,27,0,148,0,69,0,58,0,133,0.03007518796992481,86,0,158,0
9404658,0,55,0,89,0,92,0,27,0,330,0.02727272727272727,56,0,86,0,168,0
864059,0,43,0,82,0,51,0,64,0,33,0,71,0.09859154929577464,80,0,100,0
796758,0,41,0,56,0,16,0,30,0.5333333333333333,36,0,72,0,38,0,77,0.4935064935064935
885830,0,28,0,71,0,50,0,69,0,25,0,70,0.08571428571428572,215,0,23,0
4576,0,112,0,48,0,161,0,61,0,27,0,49,0.10204081632653061,58,0,25,0
988464,0,82,0,226,0,50,0,78,0,75,0,25,0,51,0.0784313725490196,39,0
31143892,0,25,0,27,0,66,0,82,0,88,0,72,0,218,0.022935779816513763,65,0
46271,0,28,0,24,0,83,0,131,0.5419847328244275,29,0,129,0,20,0,71,0.5492957746478874
262371,0,182,0.1813186813186813,45,0,159,0.4716981132075472,90,0,75,0.16,20,0.3,104,0,60,0
141088,0,22,0,204,0,57,0,118,0,17,0.23529411764705882,96,0,55,0.6727272727272727,77,0
69979703,0,221,0.01809954751131222,29,0,127,0,68,0,99,0,173,0,243,0,21,0
5039268,0,41,0,96,0.052083333333333336,43,0,97,0,28,0,19,0,100,0,115,0
2301936,0,54,0,39,0,44,0,106,0,155,0,120,0,265,0.022641509433962263,119,0
15058909,0,21,0,32,0,154,0,187,0,52,0,71,0,61,0,164,0.036585365853658534
99069457,0,109,0,276,0.014492753623188406,214,0,177,0,74,0,94,0,218,0,136,0
18742183,0,18,0,97,0.07216494845360824,132,0,111,0,180,0,55,0,75,0,263,0
1728435,0,73,0.2328767123287671,53,0,90,0,142,0,66,0,53,0,161,0,61,0
24815055,0,33,0,57,0,65,0,46,0,61,0,83,0,30,0,108,0.037037037037037035
1015782,0,41,0,83,0.060240963855421686,44,0,111,0,78,0,123,0,123,0,70,0
779648,0,72,0.05555555555555555,66,0,101,0,29,0,72,0,70,0,62,0,99,0
1631306,0,62,0,33,0,41,0,58,0,73,0,132,0,51,0.09803921568627451,46,0
9916,0,71,0,282,0.024822695035460994,38,0,109,0,69,0,62,0,42,0,48,0
20711346,0,137,0,154,0,22,0,186,0.03225806451612903,253,0,39,0,102,0,86,0
382234,0,48,0,59,0,107,0,30,0.36666666666666664,139,0,167,0,111,0,24,0.5
5727,0,100,0,73,0,102,0,15,0,15,0.26666666666666666,89,0,173,0.49710982658959535,71,0
5045861,0,51,0,73,0.0684931506849315,48,0,64,0,93,0,79,0,64,0,62,0
1702931,0,29,0,172,0.05232558139534884,79,0,52,0,100,0,126,0,55,0,57,0
4550392,0,74,0,47,0,71,0,41,0,123,0,82,0.04878048780487805,121,0,94,0
1189441,0,179,0,48,0,129,0,50,0,40,0,91,0,282,0.04964539007092199,221,0
47869488,0,43,0,68,0,118,0,61,0,125,0,119,0,50,0,173,0.023121387283236993
1752444,0,87,0,84,0,73,0,135,0,240,0.016666666666666666,150,0,106,0,74,0
888,0,92,0.5108695652173914,64,0.640625,31,0.41935483870967744,50,0,36,0.2222222222222222,51,0.39215686274509803,68,0,86,0
1027399,0,34,0,22,0.18181818181818182,45,0,58,0,62,0,97,0,76,0,78,0
4253047,0,42,0,85,0,26,0,38,0,63,0,34,0,227,0.02643171806167401,122,0
15063973,0,21,0,30,0,38,0,320,0,159,0,69,0,60,0,119,0.16806722689075632
2237854,0,55,0,83,0,66,0.16666666666666666,232,0,94,0,70,0,73,0,93,0
202495,0,31,0,172,0,26,0,35,0,51,0.13725490196078433,193,0,41,0.4634146341463415,50,0
