	mutation	region	ref_counts	alt_counts	normal_cn	major_cn	minor_cn	tumour_purity
0	2	R1	373	124	2	1	1	0.9
1	2	R2	373	124	2	1	1	0.9
2	7	R1	369	135	2	1	1	0.9
3	7	R2	369	135	2	1	1	0.9
4	12	R1	381	144	2	1	1	0.9
5	12	R2	381	144	2	1	1	0.9
6	17	R1	369	114	2	1	1	0.9
7	17	R2	369	114	2	1	1	0.9
8	22	R1	388	130	2	1	1	0.9
9	22	R2	388	130	2	1	1	0.9
10	27	R1	377	143	2	1	1	0.9
11	27	R2	377	143	2	1	1	0.9
12	32	R1	358	142	2	1	1	0.9
13	32	R2	358	142	2	1	1	0.9
14	37	R1	359	106	2	1	1	0.9
15	37	R2	359	106	2	1	1	0.9
16	42	R1	398	133	2	1	1	0.9
17	42	R2	398	133	2	1	1	0.9
18	47	R1	382	126	2	1	1	0.9
19	47	R2	382	126	2	1	1	0.9
20	52	R1	376	127	2	1	1	0.9
21	52	R2	376	127	2	1	1	0.9
22	57	R1	388	145	2	1	1	0.9
23	57	R2	388	145	2	1	1	0.9
24	62	R1	383	151	2	1	1	0.9
25	62	R2	383	151	2	1	1	0.9
26	67	R1	384	123	2	1	1	0.9
27	67	R2	384	123	2	1	1	0.9
28	72	R1	400	134	2	1	1	0.9
29	72	R2	400	134	2	1	1	0.9
30	77	R1	356	132	2	1	1	0.9
31	77	R2	356	132	2	1	1	0.9
32	82	R1	369	119	2	1	1	0.9
33	82	R2	369	119	2	1	1	0.9
34	87	R1	364	148	2	1	1	0.9
35	87	R2	364	148	2	1	1	0.9
36	92	R1	382	133	2	1	1	0.9
37	92	R2	382	133	2	1	1	0.9
38	97	R1	357	123	2	1	1	0.9
39	97	R2	357	123	2	1	1	0.9
40	102	R1	367	144	2	1	1	0.9
41	102	R2	367	144	2	1	1	0.9
42	107	R1	345	137	2	1	1	0.9
43	107	R2	345	137	2	1	1	0.9
44	112	R1	380	130	2	1	1	0.9
45	112	R2	380	130	2	1	1	0.9
46	117	R1	363	142	2	1	1	0.9
47	117	R2	363	142	2	1	1	0.9
48	122	R1	356	124	2	1	1	0.9
49	122	R2	356	124	2	1	1	0.9
50	127	R1	358	133	2	1	1	0.9
51	127	R2	358	133	2	1	1	0.9
52	132	R1	386	128	2	1	1	0.9
53	132	R2	386	128	2	1	1	0.9
54	137	R1	382	147	2	1	1	0.9
55	137	R2	382	147	2	1	1	0.9
56	142	R1	355	130	2	1	1	0.9
57	142	R2	355	130	2	1	1	0.9
58	147	R1	434	127	2	1	1	0.9
59	147	R2	434	127	2	1	1	0.9
60	152	R1	1050	178	2	3	2	0.9
61	152	R2	1050	178	2	3	2	0.9
62	157	R1	388	112	2	1	1	0.9
63	157	R2	388	112	2	1	1	0.9
64	162	R1	399	136	2	1	1	0.9
65	162	R2	399	136	2	1	1	0.9
66	167	R1	366	141	2	1	1	0.9
67	167	R2	366	141	2	1	1	0.9
68	172	R1	361	131	2	1	1	0.9
69	172	R2	361	131	2	1	1	0.9
70	177	R1	388	129	2	1	1	0.9
71	177	R2	388	129	2	1	1	0.9
72	182	R1	389	142	2	1	1	0.9
73	182	R2	389	142	2	1	1	0.9
74	187	R1	865	363	2	4	1	0.9
75	187	R2	865	363	2	4	1	0.9
76	192	R1	341	135	2	1	1	0.9
77	192	R2	341	135	2	1	1	0.9
78	197	R1	336	139	2	1	1	0.9
79	197	R2	336	139	2	1	1	0.9
80	202	R1	342	133	2	1	1	0.9
81	202	R2	342	133	2	1	1	0.9
82	207	R1	388	125	2	1	1	0.9
83	207	R2	388	125	2	1	1	0.9
84	212	R1	406	120	2	1	1	0.9
85	212	R2	406	120	2	1	1	0.9
86	217	R1	371	154	2	1	1	0.9
87	217	R2	371	154	2	1	1	0.9
88	222	R1	390	123	2	1	1	0.9
89	222	R2	390	123	2	1	1	0.9
90	227	R1	401	114	2	1	1	0.9
91	227	R2	401	114	2	1	1	0.9
92	232	R1	340	125	2	1	1	0.9
93	232	R2	340	125	2	1	1	0.9
94	237	R1	379	130	2	1	1	0.9
95	237	R2	379	130	2	1	1	0.9
96	242	R1	331	131	2	1	1	0.9
97	242	R2	331	131	2	1	1	0.9
98	247	R1	383	114	2	1	1	0.9
99	247	R2	383	114	2	1	1	0.9
100	252	R1	392	138	2	1	1	0.9
101	252	R2	392	138	2	1	1	0.9
102	257	R1	381	137	2	1	1	0.9
103	257	R2	381	137	2	1	1	0.9
104	262	R1	422	138	2	1	1	0.9
105	262	R2	422	138	2	1	1	0.9
106	267	R1	361	142	2	1	1	0.9
107	267	R2	361	142	2	1	1	0.9
108	272	R1	366	124	2	1	1	0.9
109	272	R2	366	124	2	1	1	0.9
110	277	R1	356	136	2	1	1	0.9
111	277	R2	356	136	2	1	1	0.9
112	282	R1	394	119	2	1	1	0.9
113	282	R2	394	119	2	1	1	0.9
114	287	R1	374	139	2	1	1	0.9
115	287	R2	374	139	2	1	1	0.9
116	292	R1	385	134	2	1	1	0.9
117	292	R2	385	134	2	1	1	0.9
118	297	R1	342	137	2	1	1	0.9
119	297	R2	342	137	2	1	1	0.9
120	302	R1	380	118	2	1	1	0.9
121	302	R2	380	118	2	1	1	0.9
122	307	R1	351	136	2	1	1	0.9
123	307	R2	351	136	2	1	1	0.9
124	312	R1	364	130	2	1	1	0.9
125	312	R2	364	130	2	1	1	0.9
126	317	R1	378	123	2	1	1	0.9
127	317	R2	378	123	2	1	1	0.9
128	322	R1	404	143	2	1	1	0.9
129	322	R2	404	143	2	1	1	0.9
130	327	R1	393	117	2	1	1	0.9
131	327	R2	393	117	2	1	1	0.9
132	332	R1	334	138	2	1	1	0.9
133	332	R2	334	138	2	1	1	0.9
134	337	R1	347	138	2	1	1	0.9
135	337	R2	347	138	2	1	1	0.9
136	342	R1	377	114	2	1	1	0.9
137	342	R2	377	114	2	1	1	0.9
138	347	R1	390	151	2	1	1	0.9
139	347	R2	390	151	2	1	1	0.9
140	352	R1	368	123	2	1	1	0.9
141	352	R2	368	123	2	1	1	0.9
142	357	R1	347	125	2	1	1	0.9
143	357	R2	347	125	2	1	1	0.9
144	362	R1	363	114	2	1	1	0.9
145	362	R2	363	114	2	1	1	0.9
146	367	R1	369	125	2	1	1	0.9
147	367	R2	369	125	2	1	1	0.9
148	372	R1	356	121	2	1	1	0.9
149	372	R2	356	121	2	1	1	0.9
150	377	R1	360	125	2	1	1	0.9
151	377	R2	360	125	2	1	1	0.9
152	382	R1	373	132	2	1	1	0.9
153	382	R2	373	132	2	1	1	0.9
154	387	R1	402	133	2	1	1	0.9
155	387	R2	402	133	2	1	1	0.9
156	392	R1	373	134	2	1	1	0.9
157	392	R2	373	134	2	1	1	0.9
158	397	R1	362	140	2	1	1	0.9
159	397	R2	362	140	2	1	1	0.9
160	402	R1	389	143	2	1	1	0.9
161	402	R2	389	143	2	1	1	0.9
162	407	R1	349	127	2	1	1	0.9
163	407	R2	349	127	2	1	1	0.9
164	412	R1	370	119	2	1	1	0.9
165	412	R2	370	119	2	1	1	0.9
166	417	R1	674	368	2	3	1	0.9
167	417	R2	674	368	2	3	1	0.9
168	422	R1	356	133	2	1	1	0.9
169	422	R2	356	133	2	1	1	0.9
170	427	R1	357	129	2	1	1	0.9
171	427	R2	357	129	2	1	1	0.9
172	432	R1	368	132	2	1	1	0.9
173	432	R2	368	132	2	1	1	0.9
174	437	R1	307	141	2	1	1	0.9
175	437	R2	307	141	2	1	1	0.9
176	442	R1	348	120	2	1	1	0.9
177	442	R2	348	120	2	1	1	0.9
178	447	R1	359	127	2	1	1	0.9
179	447	R2	359	127	2	1	1	0.9
180	452	R1	668	341	2	3	1	0.9
181	452	R2	668	341	2	3	1	0.9
182	457	R1	366	146	2	1	1	0.9
183	457	R2	366	146	2	1	1	0.9
184	462	R1	355	141	2	1	1	0.9
185	462	R2	355	141	2	1	1	0.9
186	467	R1	369	124	2	1	1	0.9
187	467	R2	369	124	2	1	1	0.9
188	472	R1	313	111	2	1	1	0.9
189	472	R2	313	111	2	1	1	0.9
190	477	R1	398	138	2	1	1	0.9
191	477	R2	398	138	2	1	1	0.9
192	482	R1	337	144	2	1	1	0.9
193	482	R2	337	144	2	1	1	0.9
194	487	R1	319	132	2	1	1	0.9
195	487	R2	319	132	2	1	1	0.9
196	492	R1	758	186	2	2	2	0.9
197	492	R2	758	186	2	2	2	0.9
198	497	R1	381	137	2	1	1	0.9
199	497	R2	381	137	2	1	1	0.9
200	502	R1	389	125	2	1	1	0.9
201	502	R2	389	125	2	1	1	0.9
202	507	R1	366	135	2	1	1	0.9
203	507	R2	366	135	2	1	1	0.9
204	512	R1	356	126	2	1	1	0.9
205	512	R2	356	126	2	1	1	0.9
206	517	R1	326	149	2	1	1	0.9
207	517	R2	326	149	2	1	1	0.9
208	522	R1	394	134	2	1	1	0.9
209	522	R2	394	134	2	1	1	0.9
210	527	R1	365	101	2	1	1	0.9
211	527	R2	365	101	2	1	1	0.9
212	532	R1	357	114	2	1	1	0.9
213	532	R2	357	114	2	1	1	0.9
214	537	R1	367	154	2	1	1	0.9
215	537	R2	367	154	2	1	1	0.9
216	542	R1	403	147	2	1	1	0.9
217	542	R2	403	147	2	1	1	0.9
218	547	R1	354	119	2	1	1	0.9
219	547	R2	354	119	2	1	1	0.9
220	552	R1	368	132	2	1	1	0.9
221	552	R2	368	132	2	1	1	0.9
222	557	R1	368	114	2	1	1	0.9
223	557	R2	368	114	2	1	1	0.9
224	562	R1	404	137	2	1	1	0.9
225	562	R2	404	137	2	1	1	0.9
226	567	R1	370	122	2	1	1	0.9
227	567	R2	370	122	2	1	1	0.9
228	572	R1	350	141	2	1	1	0.9
229	572	R2	350	141	2	1	1	0.9
230	577	R1	356	144	2	1	1	0.9
231	577	R2	356	144	2	1	1	0.9
232	582	R1	370	136	2	1	1	0.9
233	582	R2	370	136	2	1	1	0.9
234	587	R1	364	138	2	1	1	0.9
235	587	R2	364	138	2	1	1	0.9
236	592	R1	383	134	2	1	1	0.9
237	592	R2	383	134	2	1	1	0.9
238	597	R1	399	126	2	1	1	0.9
239	597	R2	399	126	2	1	1	0.9
240	602	R1	375	124	2	1	1	0.9
241	602	R2	375	124	2	1	1	0.9
242	607	R1	933	381	2	3	2	0.9
243	607	R2	933	381	2	3	2	0.9
244	612	R1	340	147	2	1	1	0.9
245	612	R2	340	147	2	1	1	0.9
246	617	R1	608	160	2	2	1	0.9
247	617	R2	608	160	2	2	1	0.9
248	622	R1	417	128	2	1	1	0.9
249	622	R2	417	128	2	1	1	0.9
250	627	R1	384	124	2	1	1	0.9
251	627	R2	384	124	2	1	1	0.9
252	632	R1	384	129	2	1	1	0.9
253	632	R2	384	129	2	1	1	0.9
254	637	R1	345	160	2	1	1	0.9
255	637	R2	345	160	2	1	1	0.9
256	642	R1	397	128	2	1	1	0.9
257	642	R2	397	128	2	1	1	0.9
258	647	R1	378	144	2	1	1	0.9
259	647	R2	378	144	2	1	1	0.9
260	652	R1	329	137	2	1	1	0.9
261	652	R2	329	137	2	1	1	0.9
262	657	R1	359	124	2	1	1	0.9
263	657	R2	359	124	2	1	1	0.9
264	662	R1	370	125	2	1	1	0.9
265	662	R2	370	125	2	1	1	0.9
266	667	R1	352	113	2	1	1	0.9
267	667	R2	352	113	2	1	1	0.9
268	672	R1	361	133	2	1	1	0.9
269	672	R2	361	133	2	1	1	0.9
270	677	R1	345	112	2	1	1	0.9
271	677	R2	345	112	2	1	1	0.9
272	682	R1	392	137	2	1	1	0.9
273	682	R2	392	137	2	1	1	0.9
274	687	R1	337	140	2	1	1	0.9
275	687	R2	337	140	2	1	1	0.9
276	692	R1	369	144	2	1	1	0.9
277	692	R2	369	144	2	1	1	0.9
278	697	R1	377	116	2	1	1	0.9
279	697	R2	377	116	2	1	1	0.9
280	702	R1	362	122	2	1	1	0.9
281	702	R2	362	122	2	1	1	0.9
282	707	R1	397	127	2	1	1	0.9
283	707	R2	397	127	2	1	1	0.9
284	712	R1	655	346	2	3	1	0.9
285	712	R2	655	346	2	3	1	0.9
286	717	R1	366	144	2	1	1	0.9
287	717	R2	366	144	2	1	1	0.9
288	722	R1	382	139	2	1	1	0.9
289	722	R2	382	139	2	1	1	0.9
290	727	R1	351	132	2	1	1	0.9
291	727	R2	351	132	2	1	1	0.9
292	732	R1	350	121	2	1	1	0.9
293	732	R2	350	121	2	1	1	0.9
294	737	R1	377	135	2	1	1	0.9
295	737	R2	377	135	2	1	1	0.9
296	742	R1	383	140	2	1	1	0.9
297	742	R2	383	140	2	1	1	0.9
298	747	R1	351	139	2	1	1	0.9
299	747	R2	351	139	2	1	1	0.9
300	752	R1	359	139	2	1	1	0.9
301	752	R2	359	139	2	1	1	0.9
302	757	R1	358	130	2	1	1	0.9
303	757	R2	358	130	2	1	1	0.9
304	762	R1	371	150	2	1	1	0.9
305	762	R2	371	150	2	1	1	0.9
306	767	R1	377	135	2	1	1	0.9
307	767	R2	377	135	2	1	1	0.9
308	772	R1	804	167	2	2	2	0.9
309	772	R2	804	167	2	2	2	0.9
310	777	R1	373	102	2	1	1	0.9
311	777	R2	373	102	2	1	1	0.9
312	782	R1	358	145	2	1	1	0.9
313	782	R2	358	145	2	1	1	0.9
314	787	R1	376	108	2	1	1	0.9
315	787	R2	376	108	2	1	1	0.9
316	792	R1	657	331	2	3	1	0.9
317	792	R2	657	331	2	3	1	0.9
318	797	R1	387	125	2	1	1	0.9
319	797	R2	387	125	2	1	1	0.9
320	802	R1	365	130	2	1	1	0.9
321	802	R2	365	130	2	1	1	0.9
322	807	R1	356	145	2	1	1	0.9
323	807	R2	356	145	2	1	1	0.9
324	812	R1	364	133	2	1	1	0.9
325	812	R2	364	133	2	1	1	0.9
326	817	R1	346	125	2	1	1	0.9
327	817	R2	346	125	2	1	1	0.9
328	822	R1	349	135	2	1	1	0.9
329	822	R2	349	135	2	1	1	0.9
330	827	R1	372	154	2	1	1	0.9
331	827	R2	372	154	2	1	1	0.9
332	832	R1	337	134	2	1	1	0.9
333	832	R2	337	134	2	1	1	0.9
334	837	R1	371	149	2	1	1	0.9
335	837	R2	371	149	2	1	1	0.9
336	842	R1	367	123	2	1	1	0.9
337	842	R2	367	123	2	1	1	0.9
338	847	R1	354	126	2	1	1	0.9
339	847	R2	354	126	2	1	1	0.9
340	852	R1	371	121	2	1	1	0.9
341	852	R2	371	121	2	1	1	0.9
342	857	R1	354	119	2	1	1	0.9
343	857	R2	354	119	2	1	1	0.9
344	862	R1	385	141	2	1	1	0.9
345	862	R2	385	141	2	1	1	0.9
346	867	R1	414	127	2	1	1	0.9
347	867	R2	414	127	2	1	1	0.9
348	872	R1	1133	369	2	4	2	0.9
349	872	R2	1133	369	2	4	2	0.9
350	877	R1	396	113	2	1	1	0.9
351	877	R2	396	113	2	1	1	0.9
352	882	R1	370	146	2	1	1	0.9
353	882	R2	370	146	2	1	1	0.9
354	887	R1	834	145	2	2	2	0.9
355	887	R2	834	145	2	2	2	0.9
356	892	R1	390	123	2	1	1	0.9
357	892	R2	390	123	2	1	1	0.9
358	897	R1	359	128	2	1	1	0.9
359	897	R2	359	128	2	1	1	0.9
360	902	R1	369	131	2	1	1	0.9
361	902	R2	369	131	2	1	1	0.9
362	907	R1	375	131	2	1	1	0.9
363	907	R2	375	131	2	1	1	0.9
364	912	R1	387	138	2	1	1	0.9
365	912	R2	387	138	2	1	1	0.9
366	917	R1	353	132	2	1	1	0.9
367	917	R2	353	132	2	1	1	0.9
368	922	R1	855	386	2	4	1	0.9
369	922	R2	855	386	2	4	1	0.9
370	927	R1	604	150	2	2	1	0.9
371	927	R2	604	150	2	2	1	0.9
372	932	R1	393	127	2	1	1	0.9
373	932	R2	393	127	2	1	1	0.9
374	937	R1	392	130	2	1	1	0.9
375	937	R2	392	130	2	1	1	0.9
376	942	R1	1154	370	2	4	2	0.9
377	942	R2	1154	370	2	4	2	0.9
378	947	R1	395	129	2	1	1	0.9
379	947	R2	395	129	2	1	1	0.9
380	952	R1	360	123	2	1	1	0.9
381	952	R2	360	123	2	1	1	0.9
382	957	R1	397	131	2	1	1	0.9
383	957	R2	397	131	2	1	1	0.9
384	962	R1	358	133	2	1	1	0.9
385	962	R2	358	133	2	1	1	0.9
386	967	R1	361	132	2	1	1	0.9
387	967	R2	361	132	2	1	1	0.9
388	972	R1	369	147	2	1	1	0.9
389	972	R2	369	147	2	1	1	0.9
390	977	R1	1020	173	2	3	2	0.9
391	977	R2	1020	173	2	3	2	0.9
392	982	R1	395	136	2	1	1	0.9
393	982	R2	395	136	2	1	1	0.9
394	987	R1	366	136	2	1	1	0.9
395	987	R2	366	136	2	1	1	0.9
396	992	R1	355	129	2	1	1	0.9
397	992	R2	355	129	2	1	1	0.9
398	997	R1	399	130	2	1	1	0.9
399	997	R2	399	130	2	1	1	0.9
400	1002	R1	365	140	2	1	1	0.9
401	1002	R2	365	140	2	1	1	0.9
402	1007	R1	419	122	2	1	1	0.9
403	1007	R2	419	122	2	1	1	0.9
404	1012	R1	406	141	2	1	1	0.9
405	1012	R2	406	141	2	1	1	0.9
406	1017	R1	358	140	2	1	1	0.9
407	1017	R2	358	140	2	1	1	0.9
408	1022	R1	380	143	2	1	1	0.9
409	1022	R2	380	143	2	1	1	0.9
410	1027	R1	362	117	2	1	1	0.9
411	1027	R2	362	117	2	1	1	0.9
412	1032	R1	380	148	2	1	1	0.9
413	1032	R2	380	148	2	1	1	0.9
414	1037	R1	396	131	2	1	1	0.9
415	1037	R2	396	131	2	1	1	0.9
416	1042	R1	367	119	2	1	1	0.9
417	1042	R2	367	119	2	1	1	0.9
418	1047	R1	401	128	2	1	1	0.9
419	1047	R2	401	128	2	1	1	0.9
420	1052	R1	680	371	2	3	1	0.9
421	1052	R2	680	371	2	3	1	0.9
422	1057	R1	348	107	2	1	1	0.9
423	1057	R2	348	107	2	1	1	0.9
424	1062	R1	397	139	2	1	1	0.9
425	1062	R2	397	139	2	1	1	0.9
426	1067	R1	368	111	2	1	1	0.9
427	1067	R2	368	111	2	1	1	0.9
428	1072	R1	371	132	2	1	1	0.9
429	1072	R2	371	132	2	1	1	0.9
430	1077	R1	373	146	2	1	1	0.9
431	1077	R2	373	146	2	1	1	0.9
432	1082	R1	376	130	2	1	1	0.9
433	1082	R2	376	130	2	1	1	0.9
434	1087	R1	387	134	2	1	1	0.9
435	1087	R2	387	134	2	1	1	0.9
436	1092	R1	345	142	2	1	1	0.9
437	1092	R2	345	142	2	1	1	0.9
438	1097	R1	823	160	2	2	2	0.9
439	1097	R2	823	160	2	2	2	0.9
440	1102	R1	365	146	2	1	1	0.9
441	1102	R2	365	146	2	1	1	0.9
442	1107	R1	370	155	2	1	1	0.9
443	1107	R2	370	155	2	1	1	0.9
444	1112	R1	345	124	2	1	1	0.9
445	1112	R2	345	124	2	1	1	0.9
446	1117	R1	399	137	2	1	1	0.9
447	1117	R2	399	137	2	1	1	0.9
448	1122	R1	375	115	2	1	1	0.9
449	1122	R2	375	115	2	1	1	0.9
450	1127	R1	371	132	2	1	1	0.9
451	1127	R2	371	132	2	1	1	0.9
452	1132	R1	397	137	2	1	1	0.9
453	1132	R2	397	137	2	1	1	0.9
454	1137	R1	386	152	2	1	1	0.9
455	1137	R2	386	152	2	1	1	0.9
456	1142	R1	358	114	2	1	1	0.9
457	1142	R2	358	114	2	1	1	0.9
458	1147	R1	358	117	2	1	1	0.9
459	1147	R2	358	117	2	1	1	0.9
460	1152	R1	363	126	2	1	1	0.9
461	1152	R2	363	126	2	1	1	0.9
462	1157	R1	391	130	2	1	1	0.9
463	1157	R2	391	130	2	1	1	0.9
464	1162	R1	351	124	2	1	1	0.9
465	1162	R2	351	124	2	1	1	0.9
466	1167	R1	368	116	2	1	1	0.9
467	1167	R2	368	116	2	1	1	0.9
468	1172	R1	379	125	2	1	1	0.9
469	1172	R2	379	125	2	1	1	0.9
470	1177	R1	358	104	2	1	1	0.9
471	1177	R2	358	104	2	1	1	0.9
472	1182	R1	363	146	2	1	1	0.9
473	1182	R2	363	146	2	1	1	0.9
474	1187	R1	357	120	2	1	1	0.9
475	1187	R2	357	120	2	1	1	0.9
476	1192	R1	381	125	2	1	1	0.9
477	1192	R2	381	125	2	1	1	0.9
478	1197	R1	399	137	2	1	1	0.9
479	1197	R2	399	137	2	1	1	0.9
480	1202	R1	364	132	2	1	1	0.9
481	1202	R2	364	132	2	1	1	0.9
482	1207	R1	384	127	2	1	1	0.9
483	1207	R2	384	127	2	1	1	0.9
484	1212	R1	380	121	2	1	1	0.9
485	1212	R2	380	121	2	1	1	0.9
486	1217	R1	1163	380	2	4	2	0.9
487	1217	R2	1163	380	2	4	2	0.9
488	1222	R1	362	125	2	1	1	0.9
489	1222	R2	362	125	2	1	1	0.9
490	1227	R1	376	117	2	1	1	0.9
491	1227	R2	376	117	2	1	1	0.9
492	1232	R1	398	118	2	1	1	0.9
493	1232	R2	398	118	2	1	1	0.9
494	1237	R1	374	135	2	1	1	0.9
495	1237	R2	374	135	2	1	1	0.9
496	1242	R1	393	118	2	1	1	0.9
497	1242	R2	393	118	2	1	1	0.9
498	1247	R1	377	119	2	1	1	0.9
499	1247	R2	377	119	2	1	1	0.9
500	1252	R1	341	118	2	1	1	0.9
501	1252	R2	341	118	2	1	1	0.9
502	1257	R1	371	136	2	1	1	0.9
503	1257	R2	371	136	2	1	1	0.9
504	1262	R1	377	124	2	1	1	0.9
505	1262	R2	377	124	2	1	1	0.9
506	1267	R1	366	137	2	1	1	0.9
507	1267	R2	366	137	2	1	1	0.9
508	1272	R1	385	122	2	1	1	0.9
509	1272	R2	385	122	2	1	1	0.9
510	1277	R1	382	129	2	1	1	0.9
511	1277	R2	382	129	2	1	1	0.9
512	1282	R1	347	137	2	1	1	0.9
513	1282	R2	347	137	2	1	1	0.9
514	1287	R1	356	126	2	1	1	0.9
515	1287	R2	356	126	2	1	1	0.9
516	1292	R1	864	344	2	3	2	0.9
517	1292	R2	864	344	2	3	2	0.9
518	1297	R1	346	159	2	1	1	0.9
519	1297	R2	346	159	2	1	1	0.9
520	1302	R1	381	133	2	1	1	0.9
521	1302	R2	381	133	2	1	1	0.9
522	1307	R1	379	132	2	1	1	0.9
523	1307	R2	379	132	2	1	1	0.9
524	1312	R1	384	144	2	1	1	0.9
525	1312	R2	384	144	2	1	1	0.9
526	1317	R1	383	134	2	1	1	0.9
527	1317	R2	383	134	2	1	1	0.9
528	1322	R1	384	113	2	1	1	0.9
529	1322	R2	384	113	2	1	1	0.9
530	1327	R1	396	138	2	1	1	0.9
531	1327	R2	396	138	2	1	1	0.9
532	1332	R1	381	142	2	1	1	0.9
533	1332	R2	381	142	2	1	1	0.9
534	1337	R1	371	123	2	1	1	0.9
535	1337	R2	371	123	2	1	1	0.9
536	1342	R1	375	124	2	1	1	0.9
537	1342	R2	375	124	2	1	1	0.9
538	1347	R1	387	132	2	1	1	0.9
539	1347	R2	387	132	2	1	1	0.9
540	1352	R1	373	129	2	1	1	0.9
541	1352	R2	373	129	2	1	1	0.9
542	1357	R1	384	126	2	1	1	0.9
543	1357	R2	384	126	2	1	1	0.9
544	1362	R1	342	105	2	1	1	0.9
545	1362	R2	342	105	2	1	1	0.9
546	1367	R1	322	142	2	1	1	0.9
547	1367	R2	322	142	2	1	1	0.9
548	1372	R1	385	135	2	1	1	0.9
549	1372	R2	385	135	2	1	1	0.9
550	1377	R1	349	128	2	1	1	0.9
551	1377	R2	349	128	2	1	1	0.9
552	1382	R1	266	207	2	1	1	0.9
553	1382	R2	266	207	2	1	1	0.9
554	1387	R1	302	214	2	1	1	0.9
555	1387	R2	302	214	2	1	1	0.9
556	1392	R1	292	223	2	1	1	0.9
557	1392	R2	292	223	2	1	1	0.9
558	1397	R1	284	213	2	1	1	0.9
559	1397	R2	284	213	2	1	1	0.9
560	1402	R1	257	214	2	1	1	0.9
561	1402	R2	257	214	2	1	1	0.9
562	1407	R1	980	464	2	4	2	0.9
563	1407	R2	980	464	2	4	2	0.9
564	1412	R1	268	215	2	1	1	0.9
565	1412	R2	268	215	2	1	1	0.9
566	1417	R1	285	217	2	1	1	0.9
567	1417	R2	285	217	2	1	1	0.9
568	1422	R1	258	213	2	1	1	0.9
569	1422	R2	258	213	2	1	1	0.9
570	1427	R1	276	215	2	1	1	0.9
571	1427	R2	276	215	2	1	1	0.9
572	1432	R1	262	198	2	1	1	0.9
573	1432	R2	262	198	2	1	1	0.9
574	1437	R1	279	204	2	1	1	0.9
575	1437	R2	279	204	2	1	1	0.9
576	1442	R1	269	222	2	1	1	0.9
577	1442	R2	269	222	2	1	1	0.9
578	1447	R1	274	214	2	1	1	0.9
579	1447	R2	274	214	2	1	1	0.9
580	1452	R1	245	231	2	1	1	0.9
581	1452	R2	245	231	2	1	1	0.9
582	1457	R1	275	228	2	1	1	0.9
583	1457	R2	275	228	2	1	1	0.9
584	1462	R1	267	225	2	1	1	0.9
585	1462	R2	267	225	2	1	1	0.9
586	1467	R1	286	230	2	1	1	0.9
587	1467	R2	286	230	2	1	1	0.9
588	1472	R1	271	233	2	1	1	0.9
589	1472	R2	271	233	2	1	1	0.9
590	1477	R1	256	204	2	1	1	0.9
591	1477	R2	256	204	2	1	1	0.9
592	1482	R1	295	257	2	1	1	0.9
593	1482	R2	295	257	2	1	1	0.9
594	1487	R1	277	226	2	1	1	0.9
595	1487	R2	277	226	2	1	1	0.9
596	1492	R1	251	228	2	1	1	0.9
597	1492	R2	251	228	2	1	1	0.9
598	1497	R1	267	201	2	1	1	0.9
599	1497	R2	267	201	2	1	1	0.9
600	1502	R1	247	213	2	1	1	0.9
601	1502	R2	247	213	2	1	1	0.9
602	1507	R1	279	224	2	1	1	0.9
603	1507	R2	279	224	2	1	1	0.9
604	1512	R1	265	221	2	1	1	0.9
605	1512	R2	265	221	2	1	1	0.9
606	1517	R1	1004	255	2	3	2	0.9
607	1517	R2	1004	255	2	3	2	0.9
608	1522	R1	1018	250	2	3	2	0.9
609	1522	R2	1018	250	2	3	2	0.9
610	1527	R1	1056	459	2	4	2	0.9
611	1527	R2	1056	459	2	4	2	0.9
612	1532	R1	278	228	2	1	1	0.9
613	1532	R2	278	228	2	1	1	0.9
614	1537	R1	292	211	2	1	1	0.9
615	1537	R2	292	211	2	1	1	0.9
616	1542	R1	299	204	2	1	1	0.9
617	1542	R2	299	204	2	1	1	0.9
618	1547	R1	269	214	2	1	1	0.9
619	1547	R2	269	214	2	1	1	0.9
620	1552	R1	239	210	2	1	1	0.9
621	1552	R2	239	210	2	1	1	0.9
622	1557	R1	276	226	2	1	1	0.9
623	1557	R2	276	226	2	1	1	0.9
624	1562	R1	256	222	2	1	1	0.9
625	1562	R2	256	222	2	1	1	0.9
626	1567	R1	286	234	2	1	1	0.9
627	1567	R2	286	234	2	1	1	0.9
628	1572	R1	257	235	2	1	1	0.9
629	1572	R2	257	235	2	1	1	0.9
630	1577	R1	301	250	2	1	1	0.9
631	1577	R2	301	250	2	1	1	0.9
632	1582	R1	308	221	2	1	1	0.9
633	1582	R2	308	221	2	1	1	0.9
634	1587	R1	260	223	2	1	1	0.9
635	1587	R2	260	223	2	1	1	0.9
636	1592	R1	264	209	2	1	1	0.9
637	1592	R2	264	209	2	1	1	0.9
638	1597	R1	261	237	2	1	1	0.9
639	1597	R2	261	237	2	1	1	0.9
640	1602	R1	267	219	2	1	1	0.9
641	1602	R2	267	219	2	1	1	0.9
642	1607	R1	272	214	2	1	1	0.9
643	1607	R2	272	214	2	1	1	0.9
644	1612	R1	273	223	2	1	1	0.9
645	1612	R2	273	223	2	1	1	0.9
646	1617	R1	296	244	2	1	1	0.9
647	1617	R2	296	244	2	1	1	0.9
648	1622	R1	272	220	2	1	1	0.9
649	1622	R2	272	220	2	1	1	0.9
650	1627	R1	293	224	2	1	1	0.9
651	1627	R2	293	224	2	1	1	0.9
652	1632	R1	273	201	2	1	1	0.9
653	1632	R2	273	201	2	1	1	0.9
654	1637	R1	280	232	2	1	1	0.9
655	1637	R2	280	232	2	1	1	0.9
656	1642	R1	263	240	2	1	1	0.9
657	1642	R2	263	240	2	1	1	0.9
658	1647	R1	252	218	2	1	1	0.9
659	1647	R2	252	218	2	1	1	0.9
660	1652	R1	289	238	2	1	1	0.9
661	1652	R2	289	238	2	1	1	0.9
662	1657	R1	285	215	2	1	1	0.9
663	1657	R2	285	215	2	1	1	0.9
664	1662	R1	287	231	2	1	1	0.9
665	1662	R2	287	231	2	1	1	0.9
666	1667	R1	277	235	2	1	1	0.9
667	1667	R2	277	235	2	1	1	0.9
668	1672	R1	233	228	2	1	1	0.9
669	1672	R2	233	228	2	1	1	0.9
670	1677	R1	277	218	2	1	1	0.9
671	1677	R2	277	218	2	1	1	0.9
672	1682	R1	270	249	2	1	1	0.9
673	1682	R2	270	249	2	1	1	0.9
674	1687	R1	272	230	2	1	1	0.9
675	1687	R2	272	230	2	1	1	0.9
676	1692	R1	287	215	2	1	1	0.9
677	1692	R2	287	215	2	1	1	0.9
678	1697	R1	280	213	2	1	1	0.9
679	1697	R2	280	213	2	1	1	0.9
680	1702	R1	744	241	2	3	1	0.9
681	1702	R2	744	241	2	3	1	0.9
682	1707	R1	515	214	2	2	1	0.9
683	1707	R2	515	214	2	2	1	0.9
684	1712	R1	282	207	2	1	1	0.9
685	1712	R2	282	207	2	1	1	0.9
686	1717	R1	289	225	2	1	1	0.9
687	1717	R2	289	225	2	1	1	0.9
688	1722	R1	278	194	2	1	1	0.9
689	1722	R2	278	194	2	1	1	0.9
690	1727	R1	294	256	2	1	1	0.9
691	1727	R2	294	256	2	1	1	0.9
692	1732	R1	265	218	2	1	1	0.9
693	1732	R2	265	218	2	1	1	0.9
694	1737	R1	288	232	2	1	1	0.9
695	1737	R2	288	232	2	1	1	0.9
696	1742	R1	276	244	2	1	1	0.9
697	1742	R2	276	244	2	1	1	0.9
698	1747	R1	283	223	2	1	1	0.9
699	1747	R2	283	223	2	1	1	0.9
700	1752	R1	245	220	2	1	1	0.9
701	1752	R2	245	220	2	1	1	0.9
702	1757	R1	271	231	2	1	1	0.9
703	1757	R2	271	231	2	1	1	0.9
704	1762	R1	282	194	2	1	1	0.9
705	1762	R2	282	194	2	1	1	0.9
706	1767	R1	265	214	2	1	1	0.9
707	1767	R2	265	214	2	1	1	0.9
708	1772	R1	292	225	2	1	1	0.9
709	1772	R2	292	225	2	1	1	0.9
710	1777	R1	287	235	2	1	1	0.9
711	1777	R2	287	235	2	1	1	0.9
712	1782	R1	263	203	2	1	1	0.9
713	1782	R2	263	203	2	1	1	0.9
714	1787	R1	276	221	2	1	1	0.9
715	1787	R2	276	221	2	1	1	0.9
716	1792	R1	277	254	2	1	1	0.9
717	1792	R2	277	254	2	1	1	0.9
718	1797	R1	260	237	2	1	1	0.9
719	1797	R2	260	237	2	1	1	0.9
720	1802	R1	270	245	2	1	1	0.9
721	1802	R2	270	245	2	1	1	0.9
722	1807	R1	266	227	2	1	1	0.9
723	1807	R2	266	227	2	1	1	0.9
724	1812	R1	308	222	2	1	1	0.9
725	1812	R2	308	222	2	1	1	0.9
726	1817	R1	288	236	2	1	1	0.9
727	1817	R2	288	236	2	1	1	0.9
728	1822	R1	297	231	2	1	1	0.9
729	1822	R2	297	231	2	1	1	0.9
730	1827	R1	268	217	2	1	1	0.9
731	1827	R2	268	217	2	1	1	0.9
732	1832	R1	265	217	2	1	1	0.9
733	1832	R2	265	217	2	1	1	0.9
734	1837	R1	236	215	2	1	1	0.9
735	1837	R2	236	215	2	1	1	0.9
736	1842	R1	252	226	2	1	1	0.9
737	1842	R2	252	226	2	1	1	0.9
738	1847	R1	242	217	2	1	1	0.9
739	1847	R2	242	217	2	1	1	0.9
740	1852	R1	263	219	2	1	1	0.9
741	1852	R2	263	219	2	1	1	0.9
742	1857	R1	970	452	2	4	2	0.9
743	1857	R2	970	452	2	4	2	0.9
744	1862	R1	290	228	2	1	1	0.9
745	1862	R2	290	228	2	1	1	0.9
746	1867	R1	276	220	2	1	1	0.9
747	1867	R2	276	220	2	1	1	0.9
748	1872	R1	273	224	2	1	1	0.9
749	1872	R2	273	224	2	1	1	0.9
750	1877	R1	252	251	2	1	1	0.9
751	1877	R2	252	251	2	1	1	0.9
752	1882	R1	267	225	2	1	1	0.9
753	1882	R2	267	225	2	1	1	0.9
754	1887	R1	271	219	2	1	1	0.9
755	1887	R2	271	219	2	1	1	0.9
756	1892	R1	294	222	2	1	1	0.9
757	1892	R2	294	222	2	1	1	0.9
758	1897	R1	276	229	2	1	1	0.9
759	1897	R2	276	229	2	1	1	0.9
760	1902	R1	808	504	2	4	1	0.9
761	1902	R2	808	504	2	4	1	0.9
762	1907	R1	283	227	2	1	1	0.9
763	1907	R2	283	227	2	1	1	0.9
764	1912	R1	542	437	2	3	1	0.9
765	1912	R2	542	437	2	3	1	0.9
766	1917	R1	279	205	2	1	1	0.9
767	1917	R2	279	205	2	1	1	0.9
768	1922	R1	778	462	2	4	1	0.9
769	1922	R2	778	462	2	4	1	0.9
770	1927	R1	989	452	2	4	2	0.9
771	1927	R2	989	452	2	4	2	0.9
772	1932	R1	269	238	2	1	1	0.9
773	1932	R2	269	238	2	1	1	0.9
774	1937	R1	1025	499	2	4	2	0.9
775	1937	R2	1025	499	2	4	2	0.9
776	1942	R1	283	228	2	1	1	0.9
777	1942	R2	283	228	2	1	1	0.9
778	1947	R1	286	214	2	1	1	0.9
779	1947	R2	286	214	2	1	1	0.9
780	1952	R1	279	240	2	1	1	0.9
781	1952	R2	279	240	2	1	1	0.9
782	1957	R1	270	220	2	1	1	0.9
783	1957	R2	270	220	2	1	1	0.9
784	1962	R1	294	231	2	1	1	0.9
785	1962	R2	294	231	2	1	1	0.9
786	1967	R1	786	227	2	2	2	0.9
787	1967	R2	786	227	2	2	2	0.9
788	1972	R1	261	224	2	1	1	0.9
789	1972	R2	261	224	2	1	1	0.9
790	1977	R1	290	181	2	1	1	0.9
791	1977	R2	290	181	2	1	1	0.9
792	1982	R1	261	220	2	1	1	0.9
793	1982	R2	261	220	2	1	1	0.9
794	1987	R1	290	223	2	1	1	0.9
795	1987	R2	290	223	2	1	1	0.9
796	1992	R1	293	241	2	1	1	0.9
797	1992	R2	293	241	2	1	1	0.9
798	1997	R1	264	216	2	1	1	0.9
799	1997	R2	264	216	2	1	1	0.9
800	2002	R1	306	226	2	1	1	0.9
801	2002	R2	306	226	2	1	1	0.9
802	2007	R1	252	202	2	1	1	0.9
803	2007	R2	252	202	2	1	1	0.9
804	2012	R1	271	225	2	1	1	0.9
805	2012	R2	271	225	2	1	1	0.9
806	2017	R1	238	217	2	1	1	0.9
807	2017	R2	238	217	2	1	1	0.9
808	2022	R1	734	242	2	2	2	0.9
809	2022	R2	734	242	2	2	2	0.9
810	2027	R1	270	226	2	1	1	0.9
811	2027	R2	270	226	2	1	1	0.9
812	2032	R1	284	221	2	1	1	0.9
813	2032	R2	284	221	2	1	1	0.9
814	2037	R1	275	242	2	1	1	0.9
815	2037	R2	275	242	2	1	1	0.9
816	2042	R1	777	487	2	4	1	0.9
817	2042	R2	777	487	2	4	1	0.9
818	2047	R1	781	249	2	3	1	0.9
819	2047	R2	781	249	2	3	1	0.9
820	2052	R1	268	214	2	1	1	0.9
821	2052	R2	268	214	2	1	1	0.9
822	2057	R1	272	249	2	1	1	0.9
823	2057	R2	272	249	2	1	1	0.9
824	2062	R1	232	229	2	1	1	0.9
825	2062	R2	232	229	2	1	1	0.9
826	2067	R1	289	212	2	1	1	0.9
827	2067	R2	289	212	2	1	1	0.9
828	2072	R1	278	223	2	1	1	0.9
829	2072	R2	278	223	2	1	1	0.9
830	2077	R1	276	235	2	1	1	0.9
831	2077	R2	276	235	2	1	1	0.9
832	2082	R1	529	229	2	2	1	0.9
833	2082	R2	529	229	2	2	1	0.9
834	2087	R1	266	243	2	1	1	0.9
835	2087	R2	266	243	2	1	1	0.9
836	2092	R1	262	220	2	1	1	0.9
837	2092	R2	262	220	2	1	1	0.9
838	2097	R1	280	205	2	1	1	0.9
839	2097	R2	280	205	2	1	1	0.9
840	2102	R1	286	225	2	1	1	0.9
841	2102	R2	286	225	2	1	1	0.9
842	2107	R1	219	234	2	1	1	0.9
843	2107	R2	219	234	2	1	1	0.9
844	2112	R1	273	232	2	1	1	0.9
845	2112	R2	273	232	2	1	1	0.9
846	2117	R1	281	236	2	1	1	0.9
847	2117	R2	281	236	2	1	1	0.9
848	2122	R1	259	223	2	1	1	0.9
849	2122	R2	259	223	2	1	1	0.9
850	2127	R1	280	234	2	1	1	0.9
851	2127	R2	280	234	2	1	1	0.9
852	2132	R1	279	226	2	1	1	0.9
853	2132	R2	279	226	2	1	1	0.9
854	2137	R1	269	220	2	1	1	0.9
855	2137	R2	269	220	2	1	1	0.9
856	2142	R1	289	247	2	1	1	0.9
857	2142	R2	289	247	2	1	1	0.9
858	2147	R1	252	240	2	1	1	0.9
859	2147	R2	252	240	2	1	1	0.9
860	2152	R1	527	231	2	2	1	0.9
861	2152	R2	527	231	2	2	1	0.9
862	2157	R1	281	206	2	1	1	0.9
863	2157	R2	281	206	2	1	1	0.9
864	2162	R1	261	221	2	1	1	0.9
865	2162	R2	261	221	2	1	1	0.9
866	2167	R1	254	215	2	1	1	0.9
867	2167	R2	254	215	2	1	1	0.9
868	2172	R1	490	222	2	2	1	0.9
869	2172	R2	490	222	2	2	1	0.9
870	2177	R1	288	236	2	1	1	0.9
871	2177	R2	288	236	2	1	1	0.9
872	2182	R1	262	189	2	1	1	0.9
873	2182	R2	262	189	2	1	1	0.9
874	2187	R1	275	218	2	1	1	0.9
875	2187	R2	275	218	2	1	1	0.9
876	2192	R1	219	247	2	1	1	0.9
877	2192	R2	219	247	2	1	1	0.9
878	2197	R1	981	513	2	4	2	0.9
879	2197	R2	981	513	2	4	2	0.9
880	2202	R1	281	223	2	1	1	0.9
881	2202	R2	281	223	2	1	1	0.9
882	2207	R1	264	267	2	1	1	0.9
883	2207	R2	264	267	2	1	1	0.9
884	2212	R1	261	222	2	1	1	0.9
885	2212	R2	261	222	2	1	1	0.9
886	2217	R1	257	225	2	1	1	0.9
887	2217	R2	257	225	2	1	1	0.9
888	2222	R1	269	218	2	1	1	0.9
889	2222	R2	269	218	2	1	1	0.9
890	2227	R1	257	228	2	1	1	0.9
891	2227	R2	257	228	2	1	1	0.9
892	2232	R1	250	212	2	1	1	0.9
893	2232	R2	250	212	2	1	1	0.9
894	2237	R1	245	222	2	1	1	0.9
895	2237	R2	245	222	2	1	1	0.9
896	2242	R1	258	228	2	1	1	0.9
897	2242	R2	258	228	2	1	1	0.9
898	2247	R1	269	215	2	1	1	0.9
899	2247	R2	269	215	2	1	1	0.9
900	2252	R1	266	209	2	1	1	0.9
901	2252	R2	266	209	2	1	1	0.9
902	2257	R1	544	533	2	3	1	0.9
903	2257	R2	544	533	2	3	1	0.9
904	2262	R1	309	206	2	1	1	0.9
905	2262	R2	309	206	2	1	1	0.9
906	2267	R1	280	224	2	1	1	0.9
907	2267	R2	280	224	2	1	1	0.9
908	2272	R1	260	244	2	1	1	0.9
909	2272	R2	260	244	2	1	1	0.9
910	2277	R1	281	263	2	1	1	0.9
911	2277	R2	281	263	2	1	1	0.9
912	2282	R1	256	216	2	1	1	0.9
913	2282	R2	256	216	2	1	1	0.9
914	2287	R1	294	251	2	1	1	0.9
915	2287	R2	294	251	2	1	1	0.9
916	2292	R1	283	214	2	1	1	0.9
917	2292	R2	283	214	2	1	1	0.9
918	2297	R1	282	230	2	1	1	0.9
919	2297	R2	282	230	2	1	1	0.9
920	2302	R1	285	242	2	1	1	0.9
921	2302	R2	285	242	2	1	1	0.9
922	2307	R1	273	220	2	1	1	0.9
923	2307	R2	273	220	2	1	1	0.9
924	2312	R1	268	247	2	1	1	0.9
925	2312	R2	268	247	2	1	1	0.9
926	2317	R1	282	204	2	1	1	0.9
927	2317	R2	282	204	2	1	1	0.9
928	2322	R1	252	215	2	1	1	0.9
929	2322	R2	252	215	2	1	1	0.9
930	2327	R1	247	246	2	1	1	0.9
931	2327	R2	247	246	2	1	1	0.9
932	2332	R1	273	211	2	1	1	0.9
933	2332	R2	273	211	2	1	1	0.9
934	2337	R1	274	223	2	1	1	0.9
935	2337	R2	274	223	2	1	1	0.9
936	2342	R1	254	232	2	1	1	0.9
937	2342	R2	254	232	2	1	1	0.9
938	2347	R1	250	247	2	1	1	0.9
939	2347	R2	250	247	2	1	1	0.9
940	2352	R1	273	211	2	1	1	0.9
941	2352	R2	273	211	2	1	1	0.9
942	2357	R1	262	222	2	1	1	0.9
943	2357	R2	262	222	2	1	1	0.9
944	2362	R1	265	214	2	1	1	0.9
945	2362	R2	265	214	2	1	1	0.9
946	2367	R1	291	233	2	1	1	0.9
947	2367	R2	291	233	2	1	1	0.9
948	2372	R1	269	225	2	1	1	0.9
949	2372	R2	269	225	2	1	1	0.9
950	2377	R1	264	227	2	1	1	0.9
951	2377	R2	264	227	2	1	1	0.9
952	2382	R1	273	243	2	1	1	0.9
953	2382	R2	273	243	2	1	1	0.9
954	2387	R1	773	444	2	4	1	0.9
955	2387	R2	773	444	2	4	1	0.9
956	2392	R1	252	235	2	1	1	0.9
957	2392	R2	252	235	2	1	1	0.9
958	2397	R1	265	240	2	1	1	0.9
959	2397	R2	265	240	2	1	1	0.9
960	2402	R1	280	225	2	1	1	0.9
961	2402	R2	280	225	2	1	1	0.9
962	2407	R1	255	229	2	1	1	0.9
963	2407	R2	255	229	2	1	1	0.9
964	2412	R1	565	235	2	2	1	0.9
965	2412	R2	565	235	2	2	1	0.9
966	2417	R1	274	216	2	1	1	0.9
967	2417	R2	274	216	2	1	1	0.9
968	2422	R1	514	237	2	2	1	0.9
969	2422	R2	514	237	2	2	1	0.9
970	2427	R1	275	208	2	1	1	0.9
971	2427	R2	275	208	2	1	1	0.9
972	2432	R1	239	224	2	1	1	0.9
973	2432	R2	239	224	2	1	1	0.9
