mutation_id	sample_id	alt_count	ref_count	count_observed	purity	normal_cn	segment_id	cn_state_id	cn_state_fraction	allele_a_cn	allele_b_cn
m001	region1	31	70	1	0.5779377514312618	2	1	state1	0.53440689092795357	1	1
m001	region1	31	70	1	0.5779377514312618	2	1	state2	0.46559310907204654	2	1
m001	region2	43	55	1	0.69938600029802434	2	1	state1	0.44324987076763361	1	1
m001	region2	43	55	1	0.69938600029802434	2	1	state2	0.55675012923236655	2	1
m002	region1	20	82	1	0.5779377514312618	2	8	state1	1	2	1
m002	region2	29	82	1	0.69938600029802434	2	8	state1	1.0000000000000002	2	1
m003	region1	18	83	1	0.5779377514312618	2	5	state1	1	2	1
m003	region2	23	86	1	0.69938600029802434	2	5	state1	1.0000000000000002	2	1
m004	region1	24	71	1	0.5779377514312618	2	2	state1	0.53440689092795357	1	1
m004	region1	24	71	1	0.5779377514312618	2	2	state2	0.46559310907204654	2	1
m004	region2	27	74	1	0.69938600029802434	2	2	state1	0.44324987076763361	1	1
m004	region2	27	74	1	0.69938600029802434	2	2	state2	0.55675012923236655	2	1
m005	region1	9	97	1	0.5779377514312618	2	9	state1	0.53440689092795357	1	1
m005	region1	9	97	1	0.5779377514312618	2	9	state2	0.46559310907204654	2	1
m005	region2	20	87	1	0.69938600029802434	2	9	state1	0.44324987076763361	1	1
m005	region2	20	87	1	0.69938600029802434	2	9	state2	0.55675012923236655	2	1
m006	region1	33	64	1	0.5779377514312618	2	6	state1	0.53440689092795357	1	1
m006	region1	33	64	1	0.5779377514312618	2	6	state2	0.46559310907204654	2	1
m006	region2	48	52	1	0.69938600029802434	2	6	state1	0.44324987076763361	1	1
m006	region2	48	52	1	0.69938600029802434	2	6	state2	0.55675012923236655	2	1
m007	region1	11	90	1	0.5779377514312618	2	6	state1	0.53440689092795357	1	1
m007	region1	11	90	1	0.5779377514312618	2	6	state2	0.46559310907204654	2	1
m007	region2	20	84	1	0.69938600029802434	2	6	state1	0.44324987076763361	1	1
m007	region2	20	84	1	0.69938600029802434	2	6	state2	0.55675012923236655	2	1
m008	region1	28	68	1	0.5779377514312618	2	1	state1	0.53440689092795357	1	1
m008	region1	28	68	1	0.5779377514312618	2	1	state2	0.46559310907204654	2	1
m008	region2	36	72	1	0.69938600029802434	2	1	state1	0.44324987076763361	1	1
m008	region2	36	72	1	0.69938600029802434	2	1	state2	0.55675012923236655	2	1
m009	region1	23	63	1	0.5779377514312618	2	9	state1	0.53440689092795357	1	1
m009	region1	23	63	1	0.5779377514312618	2	9	state2	0.46559310907204654	2	1
m009	region2	23	90	1	0.69938600029802434	2	9	state1	0.44324987076763361	1	1
m009	region2	23	90	1	0.69938600029802434	2	9	state2	0.55675012923236655	2	1
m010	region1	16	91	1	0.5779377514312618	2	6	state1	0.53440689092795357	1	1
m010	region1	16	91	1	0.5779377514312618	2	6	state2	0.46559310907204654	2	1
m010	region2	15	80	1	0.69938600029802434	2	6	state1	0.44324987076763361	1	1
m010	region2	15	80	1	0.69938600029802434	2	6	state2	0.55675012923236655	2	1
m011	region1	9	99	1	0.5779377514312618	2	0	state1	1	2	1
m011	region2	12	88	1	0.69938600029802434	2	0	state1	1.0000000000000002	2	1
m012	region1	17	85	1	0.5779377514312618	2	8	state1	1	2	1
m012	region2	14	71	1	0.69938600029802434	2	8	state1	1.0000000000000002	2	1
m013	region1	24	72	1	0.5779377514312618	2	8	state1	1	2	1
m013	region2	25	57	1	0.69938600029802434	2	8	state1	1.0000000000000002	2	1
m014	region1	16	81	1	0.5779377514312618	2	5	state1	1	2	1
m014	region2	22	88	1	0.69938600029802434	2	5	state1	1.0000000000000002	2	1
m015	region1	6	93	1	0.5779377514312618	2	6	state1	0.53440689092795357	1	1
m015	region1	6	93	1	0.5779377514312618	2	6	state2	0.46559310907204654	2	1
m015	region2	17	94	1	0.69938600029802434	2	6	state1	0.44324987076763361	1	1
m015	region2	17	94	1	0.69938600029802434	2	6	state2	0.55675012923236655	2	1
m016	region1	34	61	1	0.5779377514312618	2	7	state1	0.81020272727142018	1	1
m016	region1	34	61	1	0.5779377514312618	2	7	state2	0.18979727272857988	2	1
m016	region2	37	64	1	0.69938600029802434	2	7	state1	0.67926111888449514	1	1
m016	region2	37	64	1	0.69938600029802434	2	7	state2	0.32073888111550503	2	1
m017	region1	30	60	1	0.5779377514312618	2	5	state1	1	2	1
m017	region2	22	77	1	0.69938600029802434	2	5	state1	1.0000000000000002	2	1
m018	region1	49	50	1	0.5779377514312618	2	0	state1	1	2	1
m018	region2	59	42	1	0.69938600029802434	2	0	state1	1.0000000000000002	2	1
m019	region1	26	75	1	0.5779377514312618	2	7	state1	0.81020272727142018	1	1
m019	region1	26	75	1	0.5779377514312618	2	7	state2	0.18979727272857988	2	1
m019	region2	22	79	1	0.69938600029802434	2	7	state1	0.67926111888449514	1	1
m019	region2	22	79	1	0.69938600029802434	2	7	state2	0.32073888111550503	2	1
m020	region1	33	58	1	0.5779377514312618	2	4	state1	0.53440689092795357	1	1
m020	region1	33	58	1	0.5779377514312618	2	4	state2	0.46559310907204654	2	1
m020	region2	59	62	1	0.69938600029802434	2	4	state1	0.44324987076763361	1	1
m020	region2	59	62	1	0.69938600029802434	2	4	state2	0.55675012923236655	2	1
m021	region1	35	63	1	0.5779377514312618	2	2	state1	0.53440689092795357	1	1
m021	region1	35	63	1	0.5779377514312618	2	2	state2	0.46559310907204654	2	1
m021	region2	58	63	1	0.69938600029802434	2	2	state1	0.44324987076763361	1	1
m021	region2	58	63	1	0.69938600029802434	2	2	state2	0.55675012923236655	2	1
m022	region1	8	105	1	0.5779377514312618	2	7	state1	0.81020272727142018	1	1
m022	region1	8	105	1	0.5779377514312618	2	7	state2	0.18979727272857988	2	1
m022	region2	22	83	1	0.69938600029802434	2	7	state1	0.67926111888449514	1	1
m022	region2	22	83	1	0.69938600029802434	2	7	state2	0.32073888111550503	2	1
m023	region1	28	68	1	0.5779377514312618	2	2	state1	0.53440689092795357	1	1
m023	region1	28	68	1	0.5779377514312618	2	2	state2	0.46559310907204654	2	1
m023	region2	23	66	1	0.69938600029802434	2	2	state1	0.44324987076763361	1	1
m023	region2	23	66	1	0.69938600029802434	2	2	state2	0.55675012923236655	2	1
m024	region1	30	71	1	0.5779377514312618	2	3	state1	0.53440689092795357	1	1
m024	region1	30	71	1	0.5779377514312618	2	3	state2	0.46559310907204654	2	1
m024	region2	19	76	1	0.69938600029802434	2	3	state1	0.44324987076763361	1	1
m024	region2	19	76	1	0.69938600029802434	2	3	state2	0.55675012923236655	2	1
m025	region1	17	96	1	0.5779377514312618	2	4	state1	0.53440689092795357	1	1
m025	region1	17	96	1	0.5779377514312618	2	4	state2	0.46559310907204654	2	1
m025	region2	13	93	1	0.69938600029802434	2	4	state1	0.44324987076763361	1	1
m025	region2	13	93	1	0.69938600029802434	2	4	state2	0.55675012923236655	2	1
m026	region1	9	89	1	0.5779377514312618	2	3	state1	0.53440689092795357	1	1
m026	region1	9	89	1	0.5779377514312618	2	3	state2	0.46559310907204654	2	1
m026	region2	16	85	1	0.69938600029802434	2	3	state1	0.44324987076763361	1	1
m026	region2	16	85	1	0.69938600029802434	2	3	state2	0.55675012923236655	2	1
m027	region1	7	89	1	0.5779377514312618	2	0	state1	1	2	1
m027	region2	16	78	1	0.69938600029802434	2	0	state1	1.0000000000000002	2	1
m028	region1	24	75	1	0.5779377514312618	2	1	state1	0.53440689092795357	1	1
m028	region1	24	75	1	0.5779377514312618	2	1	state2	0.46559310907204654	2	1
m028	region2	26	73	1	0.69938600029802434	2	1	state1	0.44324987076763361	1	1
m028	region2	26	73	1	0.69938600029802434	2	1	state2	0.55675012923236655	2	1
m029	region1	35	72	1	0.5779377514312618	2	3	state1	0.53440689092795357	1	1
m029	region1	35	72	1	0.5779377514312618	2	3	state2	0.46559310907204654	2	1
m029	region2	62	62	1	0.69938600029802434	2	3	state1	0.44324987076763361	1	1
m029	region2	62	62	1	0.69938600029802434	2	3	state2	0.55675012923236655	2	1
m030	region1	10	93	1	0.5779377514312618	2	0	state1	1	2	1
m030	region2	12	89	1	0.69938600029802434	2	0	state1	1.0000000000000002	2	1
m031	region1	31	79	1	0.5779377514312618	2	1	state1	0.53440689092795357	1	1
m031	region1	31	79	1	0.5779377514312618	2	1	state2	0.46559310907204654	2	1
m031	region2	21	75	1	0.69938600029802434	2	1	state1	0.44324987076763361	1	1
m031	region2	21	75	1	0.69938600029802434	2	1	state2	0.55675012923236655	2	1
m032	region1	25	75	1	0.5779377514312618	2	5	state1	1	2	1
m032	region2	25	72	1	0.69938600029802434	2	5	state1	1.0000000000000002	2	1
m033	region1	11	89	1	0.5779377514312618	2	7	state1	0.81020272727142018	1	1
m033	region1	11	89	1	0.5779377514312618	2	7	state2	0.18979727272857988	2	1
m033	region2	20	82	1	0.69938600029802434	2	7	state1	0.67926111888449514	1	1
m033	region2	20	82	1	0.69938600029802434	2	7	state2	0.32073888111550503	2	1
m034	region1	26	74	1	0.5779377514312618	2	6	state1	0.53440689092795357	1	1
m034	region1	26	74	1	0.5779377514312618	2	6	state2	0.46559310907204654	2	1
m034	region2	23	68	1	0.69938600029802434	2	6	state1	0.44324987076763361	1	1
m034	region2	23	68	1	0.69938600029802434	2	6	state2	0.55675012923236655	2	1
m035	region1	22	65	1	0.5779377514312618	2	9	state1	0.53440689092795357	1	1
m035	region1	22	65	1	0.5779377514312618	2	9	state2	0.46559310907204654	2	1
m035	region2	38	81	1	0.69938600029802434	2	9	state1	0.44324987076763361	1	1
m035	region2	38	81	1	0.69938600029802434	2	9	state2	0.55675012923236655	2	1
m036	region1	5	95	1	0.5779377514312618	2	0	state1	1	2	1
m036	region2	6	92	1	0.69938600029802434	2	0	state1	1.0000000000000002	2	1
m037	region1	34	66	1	0.5779377514312618	2	2	state1	0.53440689092795357	1	1
m037	region1	34	66	1	0.5779377514312618	2	2	state2	0.46559310907204654	2	1
m037	region2	51	42	1	0.69938600029802434	2	2	state1	0.44324987076763361	1	1
m037	region2	51	42	1	0.69938600029802434	2	2	state2	0.55675012923236655	2	1
m038	region1	18	70	1	0.5779377514312618	2	5	state1	1	2	1
m038	region2	21	71	1	0.69938600029802434	2	5	state1	1.0000000000000002	2	1
m039	region1	9	91	1	0.5779377514312618	2	3	state1	0.53440689092795357	1	1
m039	region1	9	91	1	0.5779377514312618	2	3	state2	0.46559310907204654	2	1
m039	region2	12	100	1	0.69938600029802434	2	3	state1	0.44324987076763361	1	1
m039	region2	12	100	1	0.69938600029802434	2	3	state2	0.55675012923236655	2	1
m040	region1	41	71	1	0.5779377514312618	2	6	state1	0.53440689092795357	1	1
m040	region1	41	71	1	0.5779377514312618	2	6	state2	0.46559310907204654	2	1
m040	region2	46	51	1	0.69938600029802434	2	6	state1	0.44324987076763361	1	1
m040	region2	46	51	1	0.69938600029802434	2	6	state2	0.55675012923236655	2	1
m041	region1	16	99	1	0.5779377514312618	2	1	state1	0.53440689092795357	1	1
m041	region1	16	99	1	0.5779377514312618	2	1	state2	0.46559310907204654	2	1
m041	region2	31	72	1	0.69938600029802434	2	1	state1	0.44324987076763361	1	1
m041	region2	31	72	1	0.69938600029802434	2	1	state2	0.55675012923236655	2	1
m042	region1	27	65	1	0.5779377514312618	2	1	state1	0.53440689092795357	1	1
m042	region1	27	65	1	0.5779377514312618	2	1	state2	0.46559310907204654	2	1
m042	region2	26	70	1	0.69938600029802434	2	1	state1	0.44324987076763361	1	1
m042	region2	26	70	1	0.69938600029802434	2	1	state2	0.55675012923236655	2	1
m043	region1	12	78	1	0.5779377514312618	2	6	state1	0.53440689092795357	1	1
m043	region1	12	78	1	0.5779377514312618	2	6	state2	0.46559310907204654	2	1
m043	region2	19	92	1	0.69938600029802434	2	6	state1	0.44324987076763361	1	1
m043	region2	19	92	1	0.69938600029802434	2	6	state2	0.55675012923236655	2	1
m044	region1	23	74	1	0.5779377514312618	2	2	state1	0.53440689092795357	1	1
m044	region1	23	74	1	0.5779377514312618	2	2	state2	0.46559310907204654	2	1
m044	region2	24	73	1	0.69938600029802434	2	2	state1	0.44324987076763361	1	1
m044	region2	24	73	1	0.69938600029802434	2	2	state2	0.55675012923236655	2	1
m045	region1	25	76	1	0.5779377514312618	2	9	state1	0.53440689092795357	1	1
m045	region1	25	76	1	0.5779377514312618	2	9	state2	0.46559310907204654	2	1
m045	region2	20	79	1	0.69938600029802434	2	9	state1	0.44324987076763361	1	1
m045	region2	20	79	1	0.69938600029802434	2	9	state2	0.55675012923236655	2	1
m046	region1	40	69	1	0.5779377514312618	2	2	state1	0.53440689092795357	1	1
m046	region1	40	69	1	0.5779377514312618	2	2	state2	0.46559310907204654	2	1
m046	region2	59	64	1	0.69938600029802434	2	2	state1	0.44324987076763361	1	1
m046	region2	59	64	1	0.69938600029802434	2	2	state2	0.55675012923236655	2	1
m047	region1	35	35	1	0.5779377514312618	2	8	state1	1	2	1
m047	region2	58	44	1	0.69938600029802434	2	8	state1	1.0000000000000002	2	1
m048	region1	32	73	1	0.5779377514312618	2	3	state1	0.53440689092795357	1	1
m048	region1	32	73	1	0.5779377514312618	2	3	state2	0.46559310907204654	2	1
m048	region2	46	60	1	0.69938600029802434	2	3	state1	0.44324987076763361	1	1
m048	region2	46	60	1	0.69938600029802434	2	3	state2	0.55675012923236655	2	1
m049	region1	10	87	1	0.5779377514312618	2	7	state1	0.81020272727142018	1	1
m049	region1	10	87	1	0.5779377514312618	2	7	state2	0.18979727272857988	2	1
m049	region2	17	97	1	0.69938600029802434	2	7	state1	0.67926111888449514	1	1
m049	region2	17	97	1	0.69938600029802434	2	7	state2	0.32073888111550503	2	1
m050	region1	10	106	1	0.5779377514312618	2	0	state1	1	2	1
m050	region2	16	75	1	0.69938600029802434	2	0	state1	1.0000000000000002	2	1
m051	region1	45	58	1	0.5779377514312618	2	8	state1	1	2	1
m051	region2	43	44	1	0.69938600029802434	2	8	state1	1.0000000000000002	2	1
m052	region1	50	57	1	0.5779377514312618	2	8	state1	1	2	1
m052	region2	40	58	1	0.69938600029802434	2	8	state1	1.0000000000000002	2	1
m053	region1	6	96	1	0.5779377514312618	2	9	state1	0.53440689092795357	1	1
m053	region1	6	96	1	0.5779377514312618	2	9	state2	0.46559310907204654	2	1
m053	region2	9	101	1	0.69938600029802434	2	9	state1	0.44324987076763361	1	1
m053	region2	9	101	1	0.69938600029802434	2	9	state2	0.55675012923236655	2	1
m054	region1	44	73	1	0.5779377514312618	2	2	state1	0.53440689092795357	1	1
m054	region1	44	73	1	0.5779377514312618	2	2	state2	0.46559310907204654	2	1
m054	region2	47	53	1	0.69938600029802434	2	2	state1	0.44324987076763361	1	1
m054	region2	47	53	1	0.69938600029802434	2	2	state2	0.55675012923236655	2	1
m055	region1	31	79	1	0.5779377514312618	2	4	state1	0.53440689092795357	1	1
m055	region1	31	79	1	0.5779377514312618	2	4	state2	0.46559310907204654	2	1
m055	region2	30	96	1	0.69938600029802434	2	4	state1	0.44324987076763361	1	1
m055	region2	30	96	1	0.69938600029802434	2	4	state2	0.55675012923236655	2	1
m056	region1	30	98	1	0.5779377514312618	2	1	state1	0.53440689092795357	1	1
m056	region1	30	98	1	0.5779377514312618	2	1	state2	0.46559310907204654	2	1
m056	region2	22	52	1	0.69938600029802434	2	1	state1	0.44324987076763361	1	1
m056	region2	22	52	1	0.69938600029802434	2	1	state2	0.55675012923236655	2	1
m057	region1	12	82	1	0.5779377514312618	2	6	state1	0.53440689092795357	1	1
m057	region1	12	82	1	0.5779377514312618	2	6	state2	0.46559310907204654	2	1
m057	region2	9	84	1	0.69938600029802434	2	6	state1	0.44324987076763361	1	1
m057	region2	9	84	1	0.69938600029802434	2	6	state2	0.55675012923236655	2	1
m058	region1	31	63	1	0.5779377514312618	2	2	state1	0.53440689092795357	1	1
m058	region1	31	63	1	0.5779377514312618	2	2	state2	0.46559310907204654	2	1
m058	region2	41	61	1	0.69938600029802434	2	2	state1	0.44324987076763361	1	1
m058	region2	41	61	1	0.69938600029802434	2	2	state2	0.55675012923236655	2	1
m059	region1	53	66	1	0.5779377514312618	2	1	state1	0.53440689092795357	1	1
m059	region1	53	66	1	0.5779377514312618	2	1	state2	0.46559310907204654	2	1
m059	region2	50	55	1	0.69938600029802434	2	1	state1	0.44324987076763361	1	1
m059	region2	50	55	1	0.69938600029802434	2	1	state2	0.55675012923236655	2	1
m060	region1	11	85	1	0.5779377514312618	2	3	state1	0.53440689092795357	1	1
m060	region1	11	85	1	0.5779377514312618	2	3	state2	0.46559310907204654	2	1
m060	region2	22	91	1	0.69938600029802434	2	3	state1	0.44324987076763361	1	1
m060	region2	22	91	1	0.69938600029802434	2	3	state2	0.55675012923236655	2	1
m061	region1	12	99	1	0.5779377514312618	2	0	state1	1	2	1
m061	region2	23	78	1	0.69938600029802434	2	0	state1	1.0000000000000002	2	1
m062	region1	26	85	1	0.5779377514312618	2	5	state1	1	2	1
m062	region2	22	81	1	0.69938600029802434	2	5	state1	1.0000000000000002	2	1
m063	region1	14	86	1	0.5779377514312618	2	8	state1	1	2	1
m063	region2	15	86	1	0.69938600029802434	2	8	state1	1.0000000000000002	2	1
m064	region1	10	96	1	0.5779377514312618	2	8	state1	1	2	1
m064	region2	12	75	1	0.69938600029802434	2	8	state1	1.0000000000000002	2	1
m065	region1	25	75	1	0.5779377514312618	2	1	state1	0.53440689092795357	1	1
m065	region1	25	75	1	0.5779377514312618	2	1	state2	0.46559310907204654	2	1
m065	region2	27	83	1	0.69938600029802434	2	1	state1	0.44324987076763361	1	1
m065	region2	27	83	1	0.69938600029802434	2	1	state2	0.55675012923236655	2	1
m066	region1	36	69	1	0.5779377514312618	2	9	state1	0.53440689092795357	1	1
m066	region1	36	69	1	0.5779377514312618	2	9	state2	0.46559310907204654	2	1
m066	region2	39	53	1	0.69938600029802434	2	9	state1	0.44324987076763361	1	1
m066	region2	39	53	1	0.69938600029802434	2	9	state2	0.55675012923236655	2	1
m067	region1	23	88	1	0.5779377514312618	2	5	state1	1	2	1
m067	region2	23	72	1	0.69938600029802434	2	5	state1	1.0000000000000002	2	1
m068	region1	7	95	1	0.5779377514312618	2	2	state1	0.53440689092795357	1	1
m068	region1	7	95	1	0.5779377514312618	2	2	state2	0.46559310907204654	2	1
m068	region2	19	79	1	0.69938600029802434	2	2	state1	0.44324987076763361	1	1
m068	region2	19	79	1	0.69938600029802434	2	2	state2	0.55675012923236655	2	1
m069	region1	9	97	1	0.5779377514312618	2	7	state1	0.81020272727142018	1	1
m069	region1	9	97	1	0.5779377514312618	2	7	state2	0.18979727272857988	2	1
m069	region2	9	81	1	0.69938600029802434	2	7	state1	0.67926111888449514	1	1
m069	region2	9	81	1	0.69938600029802434	2	7	state2	0.32073888111550503	2	1
m070	region1	12	84	1	0.5779377514312618	2	5	state1	1	2	1
m070	region2	14	90	1	0.69938600029802434	2	5	state1	1.0000000000000002	2	1
m071	region1	32	61	1	0.5779377514312618	2	2	state1	0.53440689092795357	1	1
m071	region1	32	61	1	0.5779377514312618	2	2	state2	0.46559310907204654	2	1
m071	region2	51	63	1	0.69938600029802434	2	2	state1	0.44324987076763361	1	1
m071	region2	51	63	1	0.69938600029802434	2	2	state2	0.55675012923236655	2	1
m072	region1	14	105	1	0.5779377514312618	2	8	state1	1	2	1
m072	region2	9	81	1	0.69938600029802434	2	8	state1	1.0000000000000002	2	1
m073	region1	33	65	1	0.5779377514312618	2	1	state1	0.53440689092795357	1	1
m073	region1	33	65	1	0.5779377514312618	2	1	state2	0.46559310907204654	2	1
m073	region2	53	49	1	0.69938600029802434	2	1	state1	0.44324987076763361	1	1
m073	region2	53	49	1	0.69938600029802434	2	1	state2	0.55675012923236655	2	1
m074	region1	45	60	1	0.5779377514312618	2	0	state1	1	2	1
m074	region2	54	49	1	0.69938600029802434	2	0	state1	1.0000000000000002	2	1
m075	region1	10	88	1	0.5779377514312618	2	3	state1	0.53440689092795357	1	1
m075	region1	10	88	1	0.5779377514312618	2	3	state2	0.46559310907204654	2	1
m075	region2	25	87	1	0.69938600029802434	2	3	state1	0.44324987076763361	1	1
m075	region2	25	87	1	0.69938600029802434	2	3	state2	0.55675012923236655	2	1
m076	region1	15	87	1	0.5779377514312618	2	2	state1	0.53440689092795357	1	1
m076	region1	15	87	1	0.5779377514312618	2	2	state2	0.46559310907204654	2	1
m076	region2	21	82	1	0.69938600029802434	2	2	state1	0.44324987076763361	1	1
m076	region2	21	82	1	0.69938600029802434	2	2	state2	0.55675012923236655	2	1
m077	region1	20	71	1	0.5779377514312618	2	5	state1	1	2	1
m077	region2	25	77	1	0.69938600029802434	2	5	state1	1.0000000000000002	2	1
m078	region1	16	77	1	0.5779377514312618	2	8	state1	1	2	1
m078	region2	16	79	1	0.69938600029802434	2	8	state1	1.0000000000000002	2	1
m079	region1	20	81	1	0.5779377514312618	2	5	state1	1	2	1
m079	region2	21	79	1	0.69938600029802434	2	5	state1	1.0000000000000002	2	1
m080	region1	12	101	1	0.5779377514312618	2	5	state1	1	2	1
m080	region2	14	74	1	0.69938600029802434	2	5	state1	1.0000000000000002	2	1
m081	region1	5	94	1	0.5779377514312618	2	8	state1	1	2	1
m081	region2	11	79	1	0.69938600029802434	2	8	state1	1.0000000000000002	2	1
m082	region1	12	83	1	0.5779377514312618	2	0	state1	1	2	1
m082	region2	7	100	1	0.69938600029802434	2	0	state1	1.0000000000000002	2	1
m083	region1	17	73	1	0.5779377514312618	2	8	state1	1	2	1
m083	region2	34	63	1	0.69938600029802434	2	8	state1	1.0000000000000002	2	1
m084	region1	30	60	1	0.5779377514312618	2	7	state1	0.81020272727142018	1	1
m084	region1	30	60	1	0.5779377514312618	2	7	state2	0.18979727272857988	2	1
m084	region2	34	77	1	0.69938600029802434	2	7	state1	0.67926111888449514	1	1
m084	region2	34	77	1	0.69938600029802434	2	7	state2	0.32073888111550503	2	1
m085	region1	36	66	1	0.5779377514312618	2	3	state1	0.53440689092795357	1	1
m085	region1	36	66	1	0.5779377514312618	2	3	state2	0.46559310907204654	2	1
m085	region2	44	56	1	0.69938600029802434	2	3	state1	0.44324987076763361	1	1
m085	region2	44	56	1	0.69938600029802434	2	3	state2	0.55675012923236655	2	1
m086	region1	8	85	1	0.5779377514312618	2	8	state1	1	2	1
m086	region2	19	75	1	0.69938600029802434	2	8	state1	1.0000000000000002	2	1
m087	region1	28	66	1	0.5779377514312618	2	3	state1	0.53440689092795357	1	1
m087	region1	28	66	1	0.5779377514312618	2	3	state2	0.46559310907204654	2	1
m087	region2	44	60	1	0.69938600029802434	2	3	state1	0.44324987076763361	1	1
m087	region2	44	60	1	0.69938600029802434	2	3	state2	0.55675012923236655	2	1
m088	region1	6	84	1	0.5779377514312618	2	9	state1	0.53440689092795357	1	1
m088	region1	6	84	1	0.5779377514312618	2	9	state2	0.46559310907204654	2	1
m088	region2	9	95	1	0.69938600029802434	2	9	state1	0.44324987076763361	1	1
m088	region2	9	95	1	0.69938600029802434	2	9	state2	0.55675012923236655	2	1
m089	region1	32	60	1	0.5779377514312618	2	5	state1	1	2	1
m089	region2	29	73	1	0.69938600029802434	2	5	state1	1.0000000000000002	2	1
m090	region1	46	58	1	0.5779377514312618	2	3	state1	0.53440689092795357	1	1
m090	region1	46	58	1	0.5779377514312618	2	3	state2	0.46559310907204654	2	1
m090	region2	37	50	1	0.69938600029802434	2	3	state1	0.44324987076763361	1	1
m090	region2	37	50	1	0.69938600029802434	2	3	state2	0.55675012923236655	2	1
m091	region1	26	67	1	0.5779377514312618	2	4	state1	0.53440689092795357	1	1
m091	region1	26	67	1	0.5779377514312618	2	4	state2	0.46559310907204654	2	1
m091	region2	28	75	1	0.69938600029802434	2	4	state1	0.44324987076763361	1	1
m091	region2	28	75	1	0.69938600029802434	2	4	state2	0.55675012923236655	2	1
m092	region1	5	93	1	0.5779377514312618	2	9	state1	0.53440689092795357	1	1
m092	region1	5	93	1	0.5779377514312618	2	9	state2	0.46559310907204654	2	1
m092	region2	8	104	1	0.69938600029802434	2	9	state1	0.44324987076763361	1	1
m092	region2	8	104	1	0.69938600029802434	2	9	state2	0.55675012923236655	2	1
m093	region1	22	79	1	0.5779377514312618	2	5	state1	1	2	1
m093	region2	35	54	1	0.69938600029802434	2	5	state1	1.0000000000000002	2	1
m094	region1	32	80	1	0.5779377514312618	2	5	state1	1	2	1
m094	region2	36	62	1	0.69938600029802434	2	5	state1	1.0000000000000002	2	1
m095	region1	16	86	1	0.5779377514312618	2	3	state1	0.53440689092795357	1	1
m095	region1	16	86	1	0.5779377514312618	2	3	state2	0.46559310907204654	2	1
m095	region2	6	104	1	0.69938600029802434	2	3	state1	0.44324987076763361	1	1
m095	region2	6	104	1	0.69938600029802434	2	3	state2	0.55675012923236655	2	1
m096	region1	9	76	1	0.5779377514312618	2	2	state1	0.53440689092795357	1	1
m096	region1	9	76	1	0.5779377514312618	2	2	state2	0.46559310907204654	2	1
m096	region2	10	86	1	0.69938600029802434	2	2	state1	0.44324987076763361	1	1
m096	region2	10	86	1	0.69938600029802434	2	2	state2	0.55675012923236655	2	1
m097	region1	30	70	1	0.5779377514312618	2	3	state1	0.53440689092795357	1	1
m097	region1	30	70	1	0.5779377514312618	2	3	state2	0.46559310907204654	2	1
m097	region2	32	54	1	0.69938600029802434	2	3	state1	0.44324987076763361	1	1
m097	region2	32	54	1	0.69938600029802434	2	3	state2	0.55675012923236655	2	1
m098	region1	27	80	1	0.5779377514312618	2	9	state1	0.53440689092795357	1	1
m098	region1	27	80	1	0.5779377514312618	2	9	state2	0.46559310907204654	2	1
m098	region2	22	87	1	0.69938600029802434	2	9	state1	0.44324987076763361	1	1
m098	region2	22	87	1	0.69938600029802434	2	9	state2	0.55675012923236655	2	1
m099	region1	26	70	1	0.5779377514312618	2	0	state1	1	2	1
m099	region2	29	73	1	0.69938600029802434	2	0	state1	1.0000000000000002	2	1
m100	region1	31	48	1	0.5779377514312618	2	0	state1	1	2	1
m100	region2	41	42	1	0.69938600029802434	2	0	state1	1.0000000000000002	2	1
m101	region1	33	61	1	0.5779377514312618	2	4	state1	0.53440689092795357	1	1
m101	region1	33	61	1	0.5779377514312618	2	4	state2	0.46559310907204654	2	1
m101	region2	51	46	1	0.69938600029802434	2	4	state1	0.44324987076763361	1	1
m101	region2	51	46	1	0.69938600029802434	2	4	state2	0.55675012923236655	2	1
m102	region1	17	84	1	0.5779377514312618	2	1	state1	0.53440689092795357	1	1
m102	region1	17	84	1	0.5779377514312618	2	1	state2	0.46559310907204654	2	1
m102	region2	36	64	1	0.69938600029802434	2	1	state1	0.44324987076763361	1	1
m102	region2	36	64	1	0.69938600029802434	2	1	state2	0.55675012923236655	2	1
m103	region1	13	81	1	0.5779377514312618	2	5	state1	1	2	1
m103	region2	14	89	1	0.69938600029802434	2	5	state1	1.0000000000000002	2	1
m104	region1	13	103	1	0.5779377514312618	2	6	state1	0.53440689092795357	1	1
m104	region1	13	103	1	0.5779377514312618	2	6	state2	0.46559310907204654	2	1
m104	region2	21	79	1	0.69938600029802434	2	6	state1	0.44324987076763361	1	1
m104	region2	21	79	1	0.69938600029802434	2	6	state2	0.55675012923236655	2	1
m105	region1	9	92	1	0.5779377514312618	2	5	state1	1	2	1
m105	region2	14	103	1	0.69938600029802434	2	5	state1	1.0000000000000002	2	1
m106	region1	24	82	1	0.5779377514312618	2	0	state1	1	2	1
m106	region2	18	64	1	0.69938600029802434	2	0	state1	1.0000000000000002	2	1
m107	region1	28	71	1	0.5779377514312618	2	7	state1	0.81020272727142018	1	1
m107	region1	28	71	1	0.5779377514312618	2	7	state2	0.18979727272857988	2	1
m107	region2	39	64	1	0.69938600029802434	2	7	state1	0.67926111888449514	1	1
m107	region2	39	64	1	0.69938600029802434	2	7	state2	0.32073888111550503	2	1
m108	region1	13	77	1	0.5779377514312618	2	5	state1	1	2	1
m108	region2	27	74	1	0.69938600029802434	2	5	state1	1.0000000000000002	2	1
m109	region1	45	62	1	0.5779377514312618	2	9	state1	0.53440689092795357	1	1
m109	region1	45	62	1	0.5779377514312618	2	9	state2	0.46559310907204654	2	1
m109	region2	35	50	1	0.69938600029802434	2	9	state1	0.44324987076763361	1	1
m109	region2	35	50	1	0.69938600029802434	2	9	state2	0.55675012923236655	2	1
m110	region1	12	96	1	0.5779377514312618	2	2	state1	0.53440689092795357	1	1
m110	region1	12	96	1	0.5779377514312618	2	2	state2	0.46559310907204654	2	1
m110	region2	18	89	1	0.69938600029802434	2	2	state1	0.44324987076763361	1	1
m110	region2	18	89	1	0.69938600029802434	2	2	state2	0.55675012923236655	2	1
m111	region1	8	103	1	0.5779377514312618	2	8	state1	1	2	1
m111	region2	8	110	1	0.69938600029802434	2	8	state1	1.0000000000000002	2	1
m112	region1	25	72	1	0.5779377514312618	2	9	state1	0.53440689092795357	1	1
m112	region1	25	72	1	0.5779377514312618	2	9	state2	0.46559310907204654	2	1
m112	region2	39	69	1	0.69938600029802434	2	9	state1	0.44324987076763361	1	1
m112	region2	39	69	1	0.69938600029802434	2	9	state2	0.55675012923236655	2	1
m113	region1	43	55	1	0.5779377514312618	2	5	state1	1	2	1
m113	region2	53	47	1	0.69938600029802434	2	5	state1	1.0000000000000002	2	1
m114	region1	18	77	1	0.5779377514312618	2	0	state1	1	2	1
m114	region2	21	75	1	0.69938600029802434	2	0	state1	1.0000000000000002	2	1
m115	region1	18	65	1	0.5779377514312618	2	5	state1	1	2	1
m115	region2	30	64	1	0.69938600029802434	2	5	state1	1.0000000000000002	2	1
m116	region1	10	89	1	0.5779377514312618	2	9	state1	0.53440689092795357	1	1
m116	region1	10	89	1	0.5779377514312618	2	9	state2	0.46559310907204654	2	1
m116	region2	12	76	1	0.69938600029802434	2	9	state1	0.44324987076763361	1	1
m116	region2	12	76	1	0.69938600029802434	2	9	state2	0.55675012923236655	2	1
m117	region1	21	68	1	0.5779377514312618	2	5	state1	1	2	1
m117	region2	39	74	1	0.69938600029802434	2	5	state1	1.0000000000000002	2	1
m118	region1	2	91	1	0.5779377514312618	2	1	state1	0.53440689092795357	1	1
m118	region1	2	91	1	0.5779377514312618	2	1	state2	0.46559310907204654	2	1
m118	region2	3	64	1	0.69938600029802434	2	1	state1	0.44324987076763361	1	1
m118	region2	3	64	1	0.69938600029802434	2	1	state2	0.55675012923236655	2	1
m119	region1	13	82	1	0.5779377514312618	2	8	state1	1	2	1
m119	region2	6	86	1	0.69938600029802434	2	8	state1	1.0000000000000002	2	1
m120	region1	42	66	1	0.5779377514312618	2	4	state1	0.53440689092795357	1	1
m120	region1	42	66	1	0.5779377514312618	2	4	state2	0.46559310907204654	2	1
m120	region2	58	49	1	0.69938600029802434	2	4	state1	0.44324987076763361	1	1
m120	region2	58	49	1	0.69938600029802434	2	4	state2	0.55675012923236655	2	1
m121	region1	40	58	1	0.5779377514312618	2	3	state1	0.53440689092795357	1	1
m121	region1	40	58	1	0.5779377514312618	2	3	state2	0.46559310907204654	2	1
m121	region2	46	56	1	0.69938600029802434	2	3	state1	0.44324987076763361	1	1
m121	region2	46	56	1	0.69938600029802434	2	3	state2	0.55675012923236655	2	1
m122	region1	34	71	1	0.5779377514312618	2	1	state1	0.53440689092795357	1	1
m122	region1	34	71	1	0.5779377514312618	2	1	state2	0.46559310907204654	2	1
m122	region2	48	52	1	0.69938600029802434	2	1	state1	0.44324987076763361	1	1
m122	region2	48	52	1	0.69938600029802434	2	1	state2	0.55675012923236655	2	1
m123	region1	33	49	1	0.5779377514312618	2	6	state1	0.53440689092795357	1	1
m123	region1	33	49	1	0.5779377514312618	2	6	state2	0.46559310907204654	2	1
m123	region2	44	61	1	0.69938600029802434	2	6	state1	0.44324987076763361	1	1
m123	region2	44	61	1	0.69938600029802434	2	6	state2	0.55675012923236655	2	1
m124	region1	40	57	1	0.5779377514312618	2	9	state1	0.53440689092795357	1	1
m124	region1	40	57	1	0.5779377514312618	2	9	state2	0.46559310907204654	2	1
m124	region2	50	54	1	0.69938600029802434	2	9	state1	0.44324987076763361	1	1
m124	region2	50	54	1	0.69938600029802434	2	9	state2	0.55675012923236655	2	1
m125	region1	27	79	1	0.5779377514312618	2	5	state1	1	2	1
m125	region2	24	74	1	0.69938600029802434	2	5	state1	1.0000000000000002	2	1
m126	region1	36	58	1	0.5779377514312618	2	9	state1	0.53440689092795357	1	1
m126	region1	36	58	1	0.5779377514312618	2	9	state2	0.46559310907204654	2	1
m126	region2	44	49	1	0.69938600029802434	2	9	state1	0.44324987076763361	1	1
m126	region2	44	49	1	0.69938600029802434	2	9	state2	0.55675012923236655	2	1
m127	region1	27	79	1	0.5779377514312618	2	6	state1	0.53440689092795357	1	1
m127	region1	27	79	1	0.5779377514312618	2	6	state2	0.46559310907204654	2	1
m127	region2	25	64	1	0.69938600029802434	2	6	state1	0.44324987076763361	1	1
m127	region2	25	64	1	0.69938600029802434	2	6	state2	0.55675012923236655	2	1
m128	region1	21	74	1	0.5779377514312618	2	8	state1	1	2	1
m128	region2	27	78	1	0.69938600029802434	2	8	state1	1.0000000000000002	2	1
m129	region1	12	67	1	0.5779377514312618	2	7	state1	0.81020272727142018	1	1
m129	region1	12	67	1	0.5779377514312618	2	7	state2	0.18979727272857988	2	1
m129	region2	17	86	1	0.69938600029802434	2	7	state1	0.67926111888449514	1	1
m129	region2	17	86	1	0.69938600029802434	2	7	state2	0.32073888111550503	2	1
m130	region1	26	57	1	0.5779377514312618	2	7	state1	0.81020272727142018	1	1
m130	region1	26	57	1	0.5779377514312618	2	7	state2	0.18979727272857988	2	1
m130	region2	25	72	1	0.69938600029802434	2	7	state1	0.67926111888449514	1	1
m130	region2	25	72	1	0.69938600029802434	2	7	state2	0.32073888111550503	2	1
m131	region1	43	72	1	0.5779377514312618	2	7	state1	0.81020272727142018	1	1
m131	region1	43	72	1	0.5779377514312618	2	7	state2	0.18979727272857988	2	1
m131	region2	41	70	1	0.69938600029802434	2	7	state1	0.67926111888449514	1	1
m131	region2	41	70	1	0.69938600029802434	2	7	state2	0.32073888111550503	2	1
m132	region1	38	58	1	0.5779377514312618	2	8	state1	1	2	1
m132	region2	50	51	1	0.69938600029802434	2	8	state1	1.0000000000000002	2	1
m133	region1	20	84	1	0.5779377514312618	2	3	state1	0.53440689092795357	1	1
m133	region1	20	84	1	0.5779377514312618	2	3	state2	0.46559310907204654	2	1
m133	region2	16	102	1	0.69938600029802434	2	3	state1	0.44324987076763361	1	1
m133	region2	16	102	1	0.69938600029802434	2	3	state2	0.55675012923236655	2	1
m134	region1	37	58	1	0.5779377514312618	2	4	state1	0.53440689092795357	1	1
m134	region1	37	58	1	0.5779377514312618	2	4	state2	0.46559310907204654	2	1
m134	region2	43	41	1	0.69938600029802434	2	4	state1	0.44324987076763361	1	1
m134	region2	43	41	1	0.69938600029802434	2	4	state2	0.55675012923236655	2	1
m135	region1	28	64	1	0.5779377514312618	2	7	state1	0.81020272727142018	1	1
m135	region1	28	64	1	0.5779377514312618	2	7	state2	0.18979727272857988	2	1
m135	region2	50	54	1	0.69938600029802434	2	7	state1	0.67926111888449514	1	1
m135	region2	50	54	1	0.69938600029802434	2	7	state2	0.32073888111550503	2	1
m136	region1	12	90	1	0.5779377514312618	2	3	state1	0.53440689092795357	1	1
m136	region1	12	90	1	0.5779377514312618	2	3	state2	0.46559310907204654	2	1
m136	region2	20	82	1	0.69938600029802434	2	3	state1	0.44324987076763361	1	1
m136	region2	20	82	1	0.69938600029802434	2	3	state2	0.55675012923236655	2	1
m137	region1	45	59	1	0.5779377514312618	2	8	state1	1	2	1
m137	region2	51	56	1	0.69938600029802434	2	8	state1	1.0000000000000002	2	1
m138	region1	13	80	1	0.5779377514312618	2	2	state1	0.53440689092795357	1	1
m138	region1	13	80	1	0.5779377514312618	2	2	state2	0.46559310907204654	2	1
m138	region2	18	65	1	0.69938600029802434	2	2	state1	0.44324987076763361	1	1
m138	region2	18	65	1	0.69938600029802434	2	2	state2	0.55675012923236655	2	1
m139	region1	30	87	1	0.5779377514312618	2	4	state1	0.53440689092795357	1	1
m139	region1	30	87	1	0.5779377514312618	2	4	state2	0.46559310907204654	2	1
m139	region2	21	80	1	0.69938600029802434	2	4	state1	0.44324987076763361	1	1
m139	region2	21	80	1	0.69938600029802434	2	4	state2	0.55675012923236655	2	1
m140	region1	17	98	1	0.5779377514312618	2	5	state1	1	2	1
m140	region2	26	82	1	0.69938600029802434	2	5	state1	1.0000000000000002	2	1
m141	region1	11	92	1	0.5779377514312618	2	4	state1	0.53440689092795357	1	1
m141	region1	11	92	1	0.5779377514312618	2	4	state2	0.46559310907204654	2	1
m141	region2	21	73	1	0.69938600029802434	2	4	state1	0.44324987076763361	1	1
m141	region2	21	73	1	0.69938600029802434	2	4	state2	0.55675012923236655	2	1
m142	region1	24	83	1	0.5779377514312618	2	0	state1	1	2	1
m142	region2	33	76	1	0.69938600029802434	2	0	state1	1.0000000000000002	2	1
m143	region1	24	73	1	0.5779377514312618	2	4	state1	0.53440689092795357	1	1
m143	region1	24	73	1	0.5779377514312618	2	4	state2	0.46559310907204654	2	1
m143	region2	33	58	1	0.69938600029802434	2	4	state1	0.44324987076763361	1	1
m143	region2	33	58	1	0.69938600029802434	2	4	state2	0.55675012923236655	2	1
m144	region1	19	72	1	0.5779377514312618	2	1	state1	0.53440689092795357	1	1
m144	region1	19	72	1	0.5779377514312618	2	1	state2	0.46559310907204654	2	1
m144	region2	31	81	1	0.69938600029802434	2	1	state1	0.44324987076763361	1	1
m144	region2	31	81	1	0.69938600029802434	2	1	state2	0.55675012923236655	2	1
m145	region1	27	79	1	0.5779377514312618	2	1	state1	0.53440689092795357	1	1
m145	region1	27	79	1	0.5779377514312618	2	1	state2	0.46559310907204654	2	1
m145	region2	30	77	1	0.69938600029802434	2	1	state1	0.44324987076763361	1	1
m145	region2	30	77	1	0.69938600029802434	2	1	state2	0.55675012923236655	2	1
m146	region1	41	71	1	0.5779377514312618	2	4	state1	0.53440689092795357	1	1
m146	region1	41	71	1	0.5779377514312618	2	4	state2	0.46559310907204654	2	1
m146	region2	40	46	1	0.69938600029802434	2	4	state1	0.44324987076763361	1	1
m146	region2	40	46	1	0.69938600029802434	2	4	state2	0.55675012923236655	2	1
m147	region1	11	106	1	0.5779377514312618	2	7	state1	0.81020272727142018	1	1
m147	region1	11	106	1	0.5779377514312618	2	7	state2	0.18979727272857988	2	1
m147	region2	17	87	1	0.69938600029802434	2	7	state1	0.67926111888449514	1	1
m147	region2	17	87	1	0.69938600029802434	2	7	state2	0.32073888111550503	2	1
m148	region1	20	81	1	0.5779377514312618	2	9	state1	0.53440689092795357	1	1
m148	region1	20	81	1	0.5779377514312618	2	9	state2	0.46559310907204654	2	1
m148	region2	26	45	1	0.69938600029802434	2	9	state1	0.44324987076763361	1	1
m148	region2	26	45	1	0.69938600029802434	2	9	state2	0.55675012923236655	2	1
m149	region1	7	82	1	0.5779377514312618	2	3	state1	0.53440689092795357	1	1
m149	region1	7	82	1	0.5779377514312618	2	3	state2	0.46559310907204654	2	1
m149	region2	18	78	1	0.69938600029802434	2	3	state1	0.44324987076763361	1	1
m149	region2	18	78	1	0.69938600029802434	2	3	state2	0.55675012923236655	2	1
m150	region1	9	97	1	0.5779377514312618	2	0	state1	1	2	1
m150	region2	12	92	1	0.69938600029802434	2	0	state1	1.0000000000000002	2	1
m151	region1	1	93	1	0.5779377514312618	2	1	state1	0.53440689092795357	1	1
m151	region1	1	93	1	0.5779377514312618	2	1	state2	0.46559310907204654	2	1
m151	region2	19	92	1	0.69938600029802434	2	1	state1	0.44324987076763361	1	1
m151	region2	19	92	1	0.69938600029802434	2	1	state2	0.55675012923236655	2	1
m152	region1	39	63	1	0.5779377514312618	2	4	state1	0.53440689092795357	1	1
m152	region1	39	63	1	0.5779377514312618	2	4	state2	0.46559310907204654	2	1
m152	region2	58	55	1	0.69938600029802434	2	4	state1	0.44324987076763361	1	1
m152	region2	58	55	1	0.69938600029802434	2	4	state2	0.55675012923236655	2	1
m153	region1	29	60	1	0.5779377514312618	2	1	state1	0.53440689092795357	1	1
m153	region1	29	60	1	0.5779377514312618	2	1	state2	0.46559310907204654	2	1
m153	region2	51	60	1	0.69938600029802434	2	1	state1	0.44324987076763361	1	1
m153	region2	51	60	1	0.69938600029802434	2	1	state2	0.55675012923236655	2	1
m154	region1	26	80	1	0.5779377514312618	2	0	state1	1	2	1
m154	region2	22	63	1	0.69938600029802434	2	0	state1	1.0000000000000002	2	1
m155	region1	28	75	1	0.5779377514312618	2	3	state1	0.53440689092795357	1	1
m155	region1	28	75	1	0.5779377514312618	2	3	state2	0.46559310907204654	2	1
m155	region2	26	73	1	0.69938600029802434	2	3	state1	0.44324987076763361	1	1
m155	region2	26	73	1	0.69938600029802434	2	3	state2	0.55675012923236655	2	1
m156	region1	32	57	1	0.5779377514312618	2	1	state1	0.53440689092795357	1	1
m156	region1	32	57	1	0.5779377514312618	2	1	state2	0.46559310907204654	2	1
m156	region2	42	55	1	0.69938600029802434	2	1	state1	0.44324987076763361	1	1
m156	region2	42	55	1	0.69938600029802434	2	1	state2	0.55675012923236655	2	1
m157	region1	27	85	1	0.5779377514312618	2	9	state1	0.53440689092795357	1	1
m157	region1	27	85	1	0.5779377514312618	2	9	state2	0.46559310907204654	2	1
m157	region2	23	65	1	0.69938600029802434	2	9	state1	0.44324987076763361	1	1
m157	region2	23	65	1	0.69938600029802434	2	9	state2	0.55675012923236655	2	1
m158	region1	31	55	1	0.5779377514312618	2	4	state1	0.53440689092795357	1	1
m158	region1	31	55	1	0.5779377514312618	2	4	state2	0.46559310907204654	2	1
m158	region2	30	59	1	0.69938600029802434	2	4	state1	0.44324987076763361	1	1
m158	region2	30	59	1	0.69938600029802434	2	4	state2	0.55675012923236655	2	1
m159	region1	37	50	1	0.5779377514312618	2	1	state1	0.53440689092795357	1	1
m159	region1	37	50	1	0.5779377514312618	2	1	state2	0.46559310907204654	2	1
m159	region2	55	63	1	0.69938600029802434	2	1	state1	0.44324987076763361	1	1
m159	region2	55	63	1	0.69938600029802434	2	1	state2	0.55675012923236655	2	1
m160	region1	23	78	1	0.5779377514312618	2	9	state1	0.53440689092795357	1	1
m160	region1	23	78	1	0.5779377514312618	2	9	state2	0.46559310907204654	2	1
m160	region2	33	79	1	0.69938600029802434	2	9	state1	0.44324987076763361	1	1
m160	region2	33	79	1	0.69938600029802434	2	9	state2	0.55675012923236655	2	1
m161	region1	24	79	1	0.5779377514312618	2	3	state1	0.53440689092795357	1	1
m161	region1	24	79	1	0.5779377514312618	2	3	state2	0.46559310907204654	2	1
m161	region2	47	66	1	0.69938600029802434	2	3	state1	0.44324987076763361	1	1
m161	region2	47	66	1	0.69938600029802434	2	3	state2	0.55675012923236655	2	1
m162	region1	13	96	1	0.5779377514312618	2	6	state1	0.53440689092795357	1	1
m162	region1	13	96	1	0.5779377514312618	2	6	state2	0.46559310907204654	2	1
m162	region2	24	85	1	0.69938600029802434	2	6	state1	0.44324987076763361	1	1
m162	region2	24	85	1	0.69938600029802434	2	6	state2	0.55675012923236655	2	1
m163	region1	11	89	1	0.5779377514312618	2	5	state1	1	2	1
m163	region2	15	76	1	0.69938600029802434	2	5	state1	1.0000000000000002	2	1
m164	region1	36	72	1	0.5779377514312618	2	2	state1	0.53440689092795357	1	1
m164	region1	36	72	1	0.5779377514312618	2	2	state2	0.46559310907204654	2	1
m164	region2	27	70	1	0.69938600029802434	2	2	state1	0.44324987076763361	1	1
m164	region2	27	70	1	0.69938600029802434	2	2	state2	0.55675012923236655	2	1
m165	region1	10	77	1	0.5779377514312618	2	0	state1	1	2	1
m165	region2	7	95	1	0.69938600029802434	2	0	state1	1.0000000000000002	2	1
m166	region1	35	66	1	0.5779377514312618	2	2	state1	0.53440689092795357	1	1
m166	region1	35	66	1	0.5779377514312618	2	2	state2	0.46559310907204654	2	1
m166	region2	40	57	1	0.69938600029802434	2	2	state1	0.44324987076763361	1	1
m166	region2	40	57	1	0.69938600029802434	2	2	state2	0.55675012923236655	2	1
m167	region1	38	49	1	0.5779377514312618	2	2	state1	0.53440689092795357	1	1
m167	region1	38	49	1	0.5779377514312618	2	2	state2	0.46559310907204654	2	1
m167	region2	35	56	1	0.69938600029802434	2	2	state1	0.44324987076763361	1	1
m167	region2	35	56	1	0.69938600029802434	2	2	state2	0.55675012923236655	2	1
m168	region1	25	79	1	0.5779377514312618	2	6	state1	0.53440689092795357	1	1
m168	region1	25	79	1	0.5779377514312618	2	6	state2	0.46559310907204654	2	1
m168	region2	37	76	1	0.69938600029802434	2	6	state1	0.44324987076763361	1	1
m168	region2	37	76	1	0.69938600029802434	2	6	state2	0.55675012923236655	2	1
m169	region1	7	97	1	0.5779377514312618	2	2	state1	0.53440689092795357	1	1
m169	region1	7	97	1	0.5779377514312618	2	2	state2	0.46559310907204654	2	1
m169	region2	16	88	1	0.69938600029802434	2	2	state1	0.44324987076763361	1	1
m169	region2	16	88	1	0.69938600029802434	2	2	state2	0.55675012923236655	2	1
m170	region1	7	97	1	0.5779377514312618	2	7	state1	0.81020272727142018	1	1
m170	region1	7	97	1	0.5779377514312618	2	7	state2	0.18979727272857988	2	1
m170	region2	8	85	1	0.69938600029802434	2	7	state1	0.67926111888449514	1	1
m170	region2	8	85	1	0.69938600029802434	2	7	state2	0.32073888111550503	2	1
m171	region1	26	80	1	0.5779377514312618	2	3	state1	0.53440689092795357	1	1
m171	region1	26	80	1	0.5779377514312618	2	3	state2	0.46559310907204654	2	1
m171	region2	31	76	1	0.69938600029802434	2	3	state1	0.44324987076763361	1	1
m171	region2	31	76	1	0.69938600029802434	2	3	state2	0.55675012923236655	2	1
m172	region1	20	90	1	0.5779377514312618	2	1	state1	0.53440689092795357	1	1
m172	region1	20	90	1	0.5779377514312618	2	1	state2	0.46559310907204654	2	1
m172	region2	35	47	1	0.69938600029802434	2	1	state1	0.44324987076763361	1	1
m172	region2	35	47	1	0.69938600029802434	2	1	state2	0.55675012923236655	2	1
m173	region1	24	69	1	0.5779377514312618	2	2	state1	0.53440689092795357	1	1
m173	region1	24	69	1	0.5779377514312618	2	2	state2	0.46559310907204654	2	1
m173	region2	39	74	1	0.69938600029802434	2	2	state1	0.44324987076763361	1	1
m173	region2	39	74	1	0.69938600029802434	2	2	state2	0.55675012923236655	2	1
m174	region1	47	70	1	0.5779377514312618	2	1	state1	0.53440689092795357	1	1
m174	region1	47	70	1	0.5779377514312618	2	1	state2	0.46559310907204654	2	1
m174	region2	45	62	1	0.69938600029802434	2	1	state1	0.44324987076763361	1	1
m174	region2	45	62	1	0.69938600029802434	2	1	state2	0.55675012923236655	2	1
m175	region1	11	84	1	0.5779377514312618	2	0	state1	1	2	1
m175	region2	14	92	1	0.69938600029802434	2	0	state1	1.0000000000000002	2	1
m176	region1	16	78	1	0.5779377514312618	2	9	state1	0.53440689092795357	1	1
m176	region1	16	78	1	0.5779377514312618	2	9	state2	0.46559310907204654	2	1
m176	region2	14	84	1	0.69938600029802434	2	9	state1	0.44324987076763361	1	1
m176	region2	14	84	1	0.69938600029802434	2	9	state2	0.55675012923236655	2	1
m177	region1	31	84	1	0.5779377514312618	2	9	state1	0.53440689092795357	1	1
m177	region1	31	84	1	0.5779377514312618	2	9	state2	0.46559310907204654	2	1
m177	region2	29	66	1	0.69938600029802434	2	9	state1	0.44324987076763361	1	1
m177	region2	29	66	1	0.69938600029802434	2	9	state2	0.55675012923236655	2	1
m178	region1	44	65	1	0.5779377514312618	2	0	state1	1	2	1
m178	region2	64	53	1	0.69938600029802434	2	0	state1	1.0000000000000002	2	1
m179	region1	43	62	1	0.5779377514312618	2	1	state1	0.53440689092795357	1	1
m179	region1	43	62	1	0.5779377514312618	2	1	state2	0.46559310907204654	2	1
m179	region2	53	51	1	0.69938600029802434	2	1	state1	0.44324987076763361	1	1
m179	region2	53	51	1	0.69938600029802434	2	1	state2	0.55675012923236655	2	1
m180	region1	10	68	1	0.5779377514312618	2	9	state1	0.53440689092795357	1	1
m180	region1	10	68	1	0.5779377514312618	2	9	state2	0.46559310907204654	2	1
m180	region2	17	80	1	0.69938600029802434	2	9	state1	0.44324987076763361	1	1
m180	region2	17	80	1	0.69938600029802434	2	9	state2	0.55675012923236655	2	1
m181	region1	13	70	1	0.5779377514312618	2	5	state1	1	2	1
m181	region2	8	103	1	0.69938600029802434	2	5	state1	1.0000000000000002	2	1
m182	region1	17	87	1	0.5779377514312618	2	0	state1	1	2	1
m182	region2	25	74	1	0.69938600029802434	2	0	state1	1.0000000000000002	2	1
m183	region1	51	67	1	0.5779377514312618	2	6	state1	0.53440689092795357	1	1
m183	region1	51	67	1	0.5779377514312618	2	6	state2	0.46559310907204654	2	1
m183	region2	48	56	1	0.69938600029802434	2	6	state1	0.44324987076763361	1	1
m183	region2	48	56	1	0.69938600029802434	2	6	state2	0.55675012923236655	2	1
m184	region1	21	87	1	0.5779377514312618	2	1	state1	0.53440689092795357	1	1
m184	region1	21	87	1	0.5779377514312618	2	1	state2	0.46559310907204654	2	1
m184	region2	39	56	1	0.69938600029802434	2	1	state1	0.44324987076763361	1	1
m184	region2	39	56	1	0.69938600029802434	2	1	state2	0.55675012923236655	2	1
m185	region1	38	73	1	0.5779377514312618	2	6	state1	0.53440689092795357	1	1
m185	region1	38	73	1	0.5779377514312618	2	6	state2	0.46559310907204654	2	1
m185	region2	47	51	1	0.69938600029802434	2	6	state1	0.44324987076763361	1	1
m185	region2	47	51	1	0.69938600029802434	2	6	state2	0.55675012923236655	2	1
m186	region1	24	68	1	0.5779377514312618	2	8	state1	1	2	1
m186	region2	27	69	1	0.69938600029802434	2	8	state1	1.0000000000000002	2	1
m187	region1	48	58	1	0.5779377514312618	2	8	state1	1	2	1
m187	region2	53	46	1	0.69938600029802434	2	8	state1	1.0000000000000002	2	1
m188	region1	31	68	1	0.5779377514312618	2	0	state1	1	2	1
m188	region2	35	57	1	0.69938600029802434	2	0	state1	1.0000000000000002	2	1
m189	region1	37	61	1	0.5779377514312618	2	1	state1	0.53440689092795357	1	1
m189	region1	37	61	1	0.5779377514312618	2	1	state2	0.46559310907204654	2	1
m189	region2	31	71	1	0.69938600029802434	2	1	state1	0.44324987076763361	1	1
m189	region2	31	71	1	0.69938600029802434	2	1	state2	0.55675012923236655	2	1
m190	region1	27	68	1	0.5779377514312618	2	7	state1	0.81020272727142018	1	1
m190	region1	27	68	1	0.5779377514312618	2	7	state2	0.18979727272857988	2	1
m190	region2	37	78	1	0.69938600029802434	2	7	state1	0.67926111888449514	1	1
m190	region2	37	78	1	0.69938600029802434	2	7	state2	0.32073888111550503	2	1
m191	region1	6	78	1	0.5779377514312618	2	0	state1	1	2	1
m191	region2	21	94	1	0.69938600029802434	2	0	state1	1.0000000000000002	2	1
m192	region1	5	81	1	0.5779377514312618	2	4	state1	0.53440689092795357	1	1
m192	region1	5	81	1	0.5779377514312618	2	4	state2	0.46559310907204654	2	1
m192	region2	17	81	1	0.69938600029802434	2	4	state1	0.44324987076763361	1	1
m192	region2	17	81	1	0.69938600029802434	2	4	state2	0.55675012923236655	2	1
m193	region1	35	53	1	0.5779377514312618	2	3	state1	0.53440689092795357	1	1
m193	region1	35	53	1	0.5779377514312618	2	3	state2	0.46559310907204654	2	1
m193	region2	44	57	1	0.69938600029802434	2	3	state1	0.44324987076763361	1	1
m193	region2	44	57	1	0.69938600029802434	2	3	state2	0.55675012923236655	2	1
m194	region1	15	92	1	0.5779377514312618	2	5	state1	1	2	1
m194	region2	18	87	1	0.69938600029802434	2	5	state1	1.0000000000000002	2	1
m195	region1	23	66	1	0.5779377514312618	2	0	state1	1	2	1
m195	region2	20	76	1	0.69938600029802434	2	0	state1	1.0000000000000002	2	1
m196	region1	52	60	1	0.5779377514312618	2	0	state1	1	2	1
m196	region2	58	43	1	0.69938600029802434	2	0	state1	1.0000000000000002	2	1
m197	region1	23	78	1	0.5779377514312618	2	7	state1	0.81020272727142018	1	1
m197	region1	23	78	1	0.5779377514312618	2	7	state2	0.18979727272857988	2	1
m197	region2	34	67	1	0.69938600029802434	2	7	state1	0.67926111888449514	1	1
m197	region2	34	67	1	0.69938600029802434	2	7	state2	0.32073888111550503	2	1
m198	region1	44	71	1	0.5779377514312618	2	8	state1	1	2	1
m198	region2	46	42	1	0.69938600029802434	2	8	state1	1.0000000000000002	2	1
m199	region1	41	59	1	0.5779377514312618	2	9	state1	0.53440689092795357	1	1
m199	region1	41	59	1	0.5779377514312618	2	9	state2	0.46559310907204654	2	1
m199	region2	52	46	1	0.69938600029802434	2	9	state1	0.44324987076763361	1	1
m199	region2	52	46	1	0.69938600029802434	2	9	state2	0.55675012923236655	2	1
m200	region1	14	86	1	0.5779377514312618	2	5	state1	1	2	1
m200	region2	16	100	1	0.69938600029802434	2	5	state1	1.0000000000000002	2	1
m201	region1	48	58	1	0.5779377514312618	2	0	state1	1	2	1
m201	region2	52	41	1	0.69938600029802434	2	0	state1	1.0000000000000002	2	1
m202	region1	21	73	1	0.5779377514312618	2	9	state1	0.53440689092795357	1	1
m202	region1	21	73	1	0.5779377514312618	2	9	state2	0.46559310907204654	2	1
m202	region2	32	69	1	0.69938600029802434	2	9	state1	0.44324987076763361	1	1
m202	region2	32	69	1	0.69938600029802434	2	9	state2	0.55675012923236655	2	1
m203	region1	27	87	1	0.5779377514312618	2	9	state1	0.53440689092795357	1	1
m203	region1	27	87	1	0.5779377514312618	2	9	state2	0.46559310907204654	2	1
m203	region2	29	73	1	0.69938600029802434	2	9	state1	0.44324987076763361	1	1
m203	region2	29	73	1	0.69938600029802434	2	9	state2	0.55675012923236655	2	1
m204	region1	31	71	1	0.5779377514312618	2	7	state1	0.81020272727142018	1	1
m204	region1	31	71	1	0.5779377514312618	2	7	state2	0.18979727272857988	2	1
m204	region2	26	60	1	0.69938600029802434	2	7	state1	0.67926111888449514	1	1
m204	region2	26	60	1	0.69938600029802434	2	7	state2	0.32073888111550503	2	1
m205	region1	4	98	1	0.5779377514312618	2	4	state1	0.53440689092795357	1	1
m205	region1	4	98	1	0.5779377514312618	2	4	state2	0.46559310907204654	2	1
m205	region2	17	90	1	0.69938600029802434	2	4	state1	0.44324987076763361	1	1
m205	region2	17	90	1	0.69938600029802434	2	4	state2	0.55675012923236655	2	1
m206	region1	34	71	1	0.5779377514312618	2	4	state1	0.53440689092795357	1	1
m206	region1	34	71	1	0.5779377514312618	2	4	state2	0.46559310907204654	2	1
m206	region2	46	55	1	0.69938600029802434	2	4	state1	0.44324987076763361	1	1
m206	region2	46	55	1	0.69938600029802434	2	4	state2	0.55675012923236655	2	1
m207	region1	39	58	1	0.5779377514312618	2	8	state1	1	2	1
m207	region2	49	43	1	0.69938600029802434	2	8	state1	1.0000000000000002	2	1
m208	region1	13	83	1	0.5779377514312618	2	3	state1	0.53440689092795357	1	1
m208	region1	13	83	1	0.5779377514312618	2	3	state2	0.46559310907204654	2	1
m208	region2	12	77	1	0.69938600029802434	2	3	state1	0.44324987076763361	1	1
m208	region2	12	77	1	0.69938600029802434	2	3	state2	0.55675012923236655	2	1
m209	region1	37	77	1	0.5779377514312618	2	7	state1	0.81020272727142018	1	1
m209	region1	37	77	1	0.5779377514312618	2	7	state2	0.18979727272857988	2	1
m209	region2	39	60	1	0.69938600029802434	2	7	state1	0.67926111888449514	1	1
m209	region2	39	60	1	0.69938600029802434	2	7	state2	0.32073888111550503	2	1
m210	region1	38	48	1	0.5779377514312618	2	8	state1	1	2	1
m210	region2	57	45	1	0.69938600029802434	2	8	state1	1.0000000000000002	2	1
m211	region1	10	86	1	0.5779377514312618	2	9	state1	0.53440689092795357	1	1
m211	region1	10	86	1	0.5779377514312618	2	9	state2	0.46559310907204654	2	1
m211	region2	20	77	1	0.69938600029802434	2	9	state1	0.44324987076763361	1	1
m211	region2	20	77	1	0.69938600029802434	2	9	state2	0.55675012923236655	2	1
m212	region1	15	99	1	0.5779377514312618	2	9	state1	0.53440689092795357	1	1
m212	region1	15	99	1	0.5779377514312618	2	9	state2	0.46559310907204654	2	1
m212	region2	18	74	1	0.69938600029802434	2	9	state1	0.44324987076763361	1	1
m212	region2	18	74	1	0.69938600029802434	2	9	state2	0.55675012923236655	2	1
m213	region1	13	71	1	0.5779377514312618	2	4	state1	0.53440689092795357	1	1
m213	region1	13	71	1	0.5779377514312618	2	4	state2	0.46559310907204654	2	1
m213	region2	10	96	1	0.69938600029802434	2	4	state1	0.44324987076763361	1	1
m213	region2	10	96	1	0.69938600029802434	2	4	state2	0.55675012923236655	2	1
m214	region1	44	70	1	0.5779377514312618	2	6	state1	0.53440689092795357	1	1
m214	region1	44	70	1	0.5779377514312618	2	6	state2	0.46559310907204654	2	1
m214	region2	46	51	1	0.69938600029802434	2	6	state1	0.44324987076763361	1	1
m214	region2	46	51	1	0.69938600029802434	2	6	state2	0.55675012923236655	2	1
m215	region1	23	67	1	0.5779377514312618	2	4	state1	0.53440689092795357	1	1
m215	region1	23	67	1	0.5779377514312618	2	4	state2	0.46559310907204654	2	1
m215	region2	30	67	1	0.69938600029802434	2	4	state1	0.44324987076763361	1	1
m215	region2	30	67	1	0.69938600029802434	2	4	state2	0.55675012923236655	2	1
m216	region1	35	56	1	0.5779377514312618	2	4	state1	0.53440689092795357	1	1
m216	region1	35	56	1	0.5779377514312618	2	4	state2	0.46559310907204654	2	1
m216	region2	54	63	1	0.69938600029802434	2	4	state1	0.44324987076763361	1	1
m216	region2	54	63	1	0.69938600029802434	2	4	state2	0.55675012923236655	2	1
m217	region1	29	69	1	0.5779377514312618	2	2	state1	0.53440689092795357	1	1
m217	region1	29	69	1	0.5779377514312618	2	2	state2	0.46559310907204654	2	1
m217	region2	32	66	1	0.69938600029802434	2	2	state1	0.44324987076763361	1	1
m217	region2	32	66	1	0.69938600029802434	2	2	state2	0.55675012923236655	2	1
m218	region1	24	84	1	0.5779377514312618	2	9	state1	0.53440689092795357	1	1
m218	region1	24	84	1	0.5779377514312618	2	9	state2	0.46559310907204654	2	1
m218	region2	36	74	1	0.69938600029802434	2	9	state1	0.44324987076763361	1	1
m218	region2	36	74	1	0.69938600029802434	2	9	state2	0.55675012923236655	2	1
m219	region1	44	57	1	0.5779377514312618	2	0	state1	1	2	1
m219	region2	54	48	1	0.69938600029802434	2	0	state1	1.0000000000000002	2	1
m220	region1	37	59	1	0.5779377514312618	2	3	state1	0.53440689092795357	1	1
m220	region1	37	59	1	0.5779377514312618	2	3	state2	0.46559310907204654	2	1
m220	region2	57	54	1	0.69938600029802434	2	3	state1	0.44324987076763361	1	1
m220	region2	57	54	1	0.69938600029802434	2	3	state2	0.55675012923236655	2	1
m221	region1	20	65	1	0.5779377514312618	2	2	state1	0.53440689092795357	1	1
m221	region1	20	65	1	0.5779377514312618	2	2	state2	0.46559310907204654	2	1
m221	region2	26	64	1	0.69938600029802434	2	2	state1	0.44324987076763361	1	1
m221	region2	26	64	1	0.69938600029802434	2	2	state2	0.55675012923236655	2	1
m222	region1	37	63	1	0.5779377514312618	2	8	state1	1	2	1
m222	region2	49	42	1	0.69938600029802434	2	8	state1	1.0000000000000002	2	1
m223	region1	8	86	1	0.5779377514312618	2	1	state1	0.53440689092795357	1	1
m223	region1	8	86	1	0.5779377514312618	2	1	state2	0.46559310907204654	2	1
m223	region2	19	77	1	0.69938600029802434	2	1	state1	0.44324987076763361	1	1
m223	region2	19	77	1	0.69938600029802434	2	1	state2	0.55675012923236655	2	1
m224	region1	2	85	1	0.5779377514312618	2	6	state1	0.53440689092795357	1	1
m224	region1	2	85	1	0.5779377514312618	2	6	state2	0.46559310907204654	2	1
m224	region2	4	96	1	0.69938600029802434	2	6	state1	0.44324987076763361	1	1
m224	region2	4	96	1	0.69938600029802434	2	6	state2	0.55675012923236655	2	1
m225	region1	9	81	1	0.5779377514312618	2	8	state1	1	2	1
m225	region2	15	83	1	0.69938600029802434	2	8	state1	1.0000000000000002	2	1
m226	region1	24	76	1	0.5779377514312618	2	5	state1	1	2	1
m226	region2	29	62	1	0.69938600029802434	2	5	state1	1.0000000000000002	2	1
m227	region1	21	65	1	0.5779377514312618	2	7	state1	0.81020272727142018	1	1
m227	region1	21	65	1	0.5779377514312618	2	7	state2	0.18979727272857988	2	1
m227	region2	26	56	1	0.69938600029802434	2	7	state1	0.67926111888449514	1	1
m227	region2	26	56	1	0.69938600029802434	2	7	state2	0.32073888111550503	2	1
m228	region1	7	84	1	0.5779377514312618	2	5	state1	1	2	1
m228	region2	11	76	1	0.69938600029802434	2	5	state1	1.0000000000000002	2	1
m229	region1	26	79	1	0.5779377514312618	2	5	state1	1	2	1
m229	region2	26	80	1	0.69938600029802434	2	5	state1	1.0000000000000002	2	1
m230	region1	34	83	1	0.5779377514312618	2	6	state1	0.53440689092795357	1	1
m230	region1	34	83	1	0.5779377514312618	2	6	state2	0.46559310907204654	2	1
m230	region2	30	89	1	0.69938600029802434	2	6	state1	0.44324987076763361	1	1
m230	region2	30	89	1	0.69938600029802434	2	6	state2	0.55675012923236655	2	1
m231	region1	43	52	1	0.5779377514312618	2	3	state1	0.53440689092795357	1	1
m231	region1	43	52	1	0.5779377514312618	2	3	state2	0.46559310907204654	2	1
m231	region2	50	62	1	0.69938600029802434	2	3	state1	0.44324987076763361	1	1
m231	region2	50	62	1	0.69938600029802434	2	3	state2	0.55675012923236655	2	1
m232	region1	4	90	1	0.5779377514312618	2	8	state1	1	2	1
m232	region2	19	102	1	0.69938600029802434	2	8	state1	1.0000000000000002	2	1
m233	region1	6	94	1	0.5779377514312618	2	0	state1	1	2	1
m233	region2	14	90	1	0.69938600029802434	2	0	state1	1.0000000000000002	2	1
m234	region1	33	72	1	0.5779377514312618	2	1	state1	0.53440689092795357	1	1
m234	region1	33	72	1	0.5779377514312618	2	1	state2	0.46559310907204654	2	1
m234	region2	39	58	1	0.69938600029802434	2	1	state1	0.44324987076763361	1	1
m234	region2	39	58	1	0.69938600029802434	2	1	state2	0.55675012923236655	2	1
m235	region1	5	89	1	0.5779377514312618	2	3	state1	0.53440689092795357	1	1
m235	region1	5	89	1	0.5779377514312618	2	3	state2	0.46559310907204654	2	1
m235	region2	6	86	1	0.69938600029802434	2	3	state1	0.44324987076763361	1	1
m235	region2	6	86	1	0.69938600029802434	2	3	state2	0.55675012923236655	2	1
m236	region1	27	78	1	0.5779377514312618	2	5	state1	1	2	1
m236	region2	27	68	1	0.69938600029802434	2	5	state1	1.0000000000000002	2	1
m237	region1	27	72	1	0.5779377514312618	2	3	state1	0.53440689092795357	1	1
m237	region1	27	72	1	0.5779377514312618	2	3	state2	0.46559310907204654	2	1
m237	region2	30	63	1	0.69938600029802434	2	3	state1	0.44324987076763361	1	1
m237	region2	30	63	1	0.69938600029802434	2	3	state2	0.55675012923236655	2	1
m238	region1	38	72	1	0.5779377514312618	2	3	state1	0.53440689092795357	1	1
m238	region1	38	72	1	0.5779377514312618	2	3	state2	0.46559310907204654	2	1
m238	region2	52	68	1	0.69938600029802434	2	3	state1	0.44324987076763361	1	1
m238	region2	52	68	1	0.69938600029802434	2	3	state2	0.55675012923236655	2	1
m239	region1	37	60	1	0.5779377514312618	2	0	state1	1	2	1
m239	region2	43	49	1	0.69938600029802434	2	0	state1	1.0000000000000002	2	1
m240	region1	15	94	1	0.5779377514312618	2	8	state1	1	2	1
m240	region2	16	94	1	0.69938600029802434	2	8	state1	1.0000000000000002	2	1
m241	region1	26	71	1	0.5779377514312618	2	5	state1	1	2	1
m241	region2	25	71	1	0.69938600029802434	2	5	state1	1.0000000000000002	2	1
m242	region1	45	64	1	0.5779377514312618	2	0	state1	1	2	1
m242	region2	50	56	1	0.69938600029802434	2	0	state1	1.0000000000000002	2	1
m243	region1	11	94	1	0.5779377514312618	2	2	state1	0.53440689092795357	1	1
m243	region1	11	94	1	0.5779377514312618	2	2	state2	0.46559310907204654	2	1
m243	region2	12	91	1	0.69938600029802434	2	2	state1	0.44324987076763361	1	1
m243	region2	12	91	1	0.69938600029802434	2	2	state2	0.55675012923236655	2	1
m244	region1	45	66	1	0.5779377514312618	2	6	state1	0.53440689092795357	1	1
m244	region1	45	66	1	0.5779377514312618	2	6	state2	0.46559310907204654	2	1
m244	region2	54	61	1	0.69938600029802434	2	6	state1	0.44324987076763361	1	1
m244	region2	54	61	1	0.69938600029802434	2	6	state2	0.55675012923236655	2	1
m245	region1	14	85	1	0.5779377514312618	2	6	state1	0.53440689092795357	1	1
m245	region1	14	85	1	0.5779377514312618	2	6	state2	0.46559310907204654	2	1
m245	region2	16	77	1	0.69938600029802434	2	6	state1	0.44324987076763361	1	1
m245	region2	16	77	1	0.69938600029802434	2	6	state2	0.55675012923236655	2	1
m246	region1	4	96	1	0.5779377514312618	2	8	state1	1	2	1
m246	region2	13	84	1	0.69938600029802434	2	8	state1	1.0000000000000002	2	1
m247	region1	10	86	1	0.5779377514312618	2	8	state1	1	2	1
m247	region2	14	84	1	0.69938600029802434	2	8	state1	1.0000000000000002	2	1
m248	region1	23	72	1	0.5779377514312618	2	3	state1	0.53440689092795357	1	1
m248	region1	23	72	1	0.5779377514312618	2	3	state2	0.46559310907204654	2	1
m248	region2	35	92	1	0.69938600029802434	2	3	state1	0.44324987076763361	1	1
m248	region2	35	92	1	0.69938600029802434	2	3	state2	0.55675012923236655	2	1
m249	region1	14	98	1	0.5779377514312618	2	5	state1	1	2	1
m249	region2	16	78	1	0.69938600029802434	2	5	state1	1.0000000000000002	2	1
m250	region1	13	90	1	0.5779377514312618	2	1	state1	0.53440689092795357	1	1
m250	region1	13	90	1	0.5779377514312618	2	1	state2	0.46559310907204654	2	1
m250	region2	20	78	1	0.69938600029802434	2	1	state1	0.44324987076763361	1	1
m250	region2	20	78	1	0.69938600029802434	2	1	state2	0.55675012923236655	2	1
m251	region1	21	65	1	0.5779377514312618	2	8	state1	1	2	1
m251	region2	21	71	1	0.69938600029802434	2	8	state1	1.0000000000000002	2	1
m252	region1	50	52	1	0.5779377514312618	2	0	state1	1	2	1
m252	region2	50	46	1	0.69938600029802434	2	0	state1	1.0000000000000002	2	1
m253	region1	10	88	1	0.5779377514312618	2	4	state1	0.53440689092795357	1	1
m253	region1	10	88	1	0.5779377514312618	2	4	state2	0.46559310907204654	2	1
m253	region2	14	74	1	0.69938600029802434	2	4	state1	0.44324987076763361	1	1
m253	region2	14	74	1	0.69938600029802434	2	4	state2	0.55675012923236655	2	1
m254	region1	37	68	1	0.5779377514312618	2	4	state1	0.53440689092795357	1	1
m254	region1	37	68	1	0.5779377514312618	2	4	state2	0.46559310907204654	2	1
m254	region2	47	63	1	0.69938600029802434	2	4	state1	0.44324987076763361	1	1
m254	region2	47	63	1	0.69938600029802434	2	4	state2	0.55675012923236655	2	1
m255	region1	13	90	1	0.5779377514312618	2	1	state1	0.53440689092795357	1	1
m255	region1	13	90	1	0.5779377514312618	2	1	state2	0.46559310907204654	2	1
m255	region2	20	99	1	0.69938600029802434	2	1	state1	0.44324987076763361	1	1
m255	region2	20	99	1	0.69938600029802434	2	1	state2	0.55675012923236655	2	1
m256	region1	27	72	1	0.5779377514312618	2	7	state1	0.81020272727142018	1	1
m256	region1	27	72	1	0.5779377514312618	2	7	state2	0.18979727272857988	2	1
m256	region2	36	71	1	0.69938600029802434	2	7	state1	0.67926111888449514	1	1
m256	region2	36	71	1	0.69938600029802434	2	7	state2	0.32073888111550503	2	1
m257	region1	26	59	1	0.5779377514312618	2	6	state1	0.53440689092795357	1	1
m257	region1	26	59	1	0.5779377514312618	2	6	state2	0.46559310907204654	2	1
m257	region2	42	73	1	0.69938600029802434	2	6	state1	0.44324987076763361	1	1
m257	region2	42	73	1	0.69938600029802434	2	6	state2	0.55675012923236655	2	1
m258	region1	2	93	1	0.5779377514312618	2	1	state1	0.53440689092795357	1	1
m258	region1	2	93	1	0.5779377514312618	2	1	state2	0.46559310907204654	2	1
m258	region2	6	91	1	0.69938600029802434	2	1	state1	0.44324987076763361	1	1
m258	region2	6	91	1	0.69938600029802434	2	1	state2	0.55675012923236655	2	1
m259	region1	22	74	1	0.5779377514312618	2	5	state1	1	2	1
m259	region2	21	68	1	0.69938600029802434	2	5	state1	1.0000000000000002	2	1
m260	region1	41	67	1	0.5779377514312618	2	9	state1	0.53440689092795357	1	1
m260	region1	41	67	1	0.5779377514312618	2	9	state2	0.46559310907204654	2	1
m260	region2	62	47	1	0.69938600029802434	2	9	state1	0.44324987076763361	1	1
m260	region2	62	47	1	0.69938600029802434	2	9	state2	0.55675012923236655	2	1
m261	region1	41	69	1	0.5779377514312618	2	1	state1	0.53440689092795357	1	1
m261	region1	41	69	1	0.5779377514312618	2	1	state2	0.46559310907204654	2	1
m261	region2	39	47	1	0.69938600029802434	2	1	state1	0.44324987076763361	1	1
m261	region2	39	47	1	0.69938600029802434	2	1	state2	0.55675012923236655	2	1
m262	region1	28	76	1	0.5779377514312618	2	4	state1	0.53440689092795357	1	1
m262	region1	28	76	1	0.5779377514312618	2	4	state2	0.46559310907204654	2	1
m262	region2	27	79	1	0.69938600029802434	2	4	state1	0.44324987076763361	1	1
m262	region2	27	79	1	0.69938600029802434	2	4	state2	0.55675012923236655	2	1
m263	region1	32	64	1	0.5779377514312618	2	2	state1	0.53440689092795357	1	1
m263	region1	32	64	1	0.5779377514312618	2	2	state2	0.46559310907204654	2	1
m263	region2	43	55	1	0.69938600029802434	2	2	state1	0.44324987076763361	1	1
m263	region2	43	55	1	0.69938600029802434	2	2	state2	0.55675012923236655	2	1
m264	region1	29	63	1	0.5779377514312618	2	3	state1	0.53440689092795357	1	1
m264	region1	29	63	1	0.5779377514312618	2	3	state2	0.46559310907204654	2	1
m264	region2	33	61	1	0.69938600029802434	2	3	state1	0.44324987076763361	1	1
m264	region2	33	61	1	0.69938600029802434	2	3	state2	0.55675012923236655	2	1
m265	region1	36	52	1	0.5779377514312618	2	2	state1	0.53440689092795357	1	1
m265	region1	36	52	1	0.5779377514312618	2	2	state2	0.46559310907204654	2	1
m265	region2	51	70	1	0.69938600029802434	2	2	state1	0.44324987076763361	1	1
m265	region2	51	70	1	0.69938600029802434	2	2	state2	0.55675012923236655	2	1
m266	region1	9	91	1	0.5779377514312618	2	3	state1	0.53440689092795357	1	1
m266	region1	9	91	1	0.5779377514312618	2	3	state2	0.46559310907204654	2	1
m266	region2	22	67	1	0.69938600029802434	2	3	state1	0.44324987076763361	1	1
m266	region2	22	67	1	0.69938600029802434	2	3	state2	0.55675012923236655	2	1
m267	region1	7	99	1	0.5779377514312618	2	4	state1	0.53440689092795357	1	1
m267	region1	7	99	1	0.5779377514312618	2	4	state2	0.46559310907204654	2	1
m267	region2	18	80	1	0.69938600029802434	2	4	state1	0.44324987076763361	1	1
m267	region2	18	80	1	0.69938600029802434	2	4	state2	0.55675012923236655	2	1
m268	region1	3	93	1	0.5779377514312618	2	4	state1	0.53440689092795357	1	1
m268	region1	3	93	1	0.5779377514312618	2	4	state2	0.46559310907204654	2	1
m268	region2	9	85	1	0.69938600029802434	2	4	state1	0.44324987076763361	1	1
m268	region2	9	85	1	0.69938600029802434	2	4	state2	0.55675012923236655	2	1
m269	region1	18	67	1	0.5779377514312618	2	6	state1	0.53440689092795357	1	1
m269	region1	18	67	1	0.5779377514312618	2	6	state2	0.46559310907204654	2	1
m269	region2	23	73	1	0.69938600029802434	2	6	state1	0.44324987076763361	1	1
m269	region2	23	73	1	0.69938600029802434	2	6	state2	0.55675012923236655	2	1
m270	region1	36	71	1	0.5779377514312618	2	4	state1	0.53440689092795357	1	1
m270	region1	36	71	1	0.5779377514312618	2	4	state2	0.46559310907204654	2	1
m270	region2	34	60	1	0.69938600029802434	2	4	state1	0.44324987076763361	1	1
m270	region2	34	60	1	0.69938600029802434	2	4	state2	0.55675012923236655	2	1
m271	region1	20	70	1	0.5779377514312618	2	1	state1	0.53440689092795357	1	1
m271	region1	20	70	1	0.5779377514312618	2	1	state2	0.46559310907204654	2	1
m271	region2	26	70	1	0.69938600029802434	2	1	state1	0.44324987076763361	1	1
m271	region2	26	70	1	0.69938600029802434	2	1	state2	0.55675012923236655	2	1
m272	region1	39	52	1	0.5779377514312618	2	3	state1	0.53440689092795357	1	1
m272	region1	39	52	1	0.5779377514312618	2	3	state2	0.46559310907204654	2	1
m272	region2	57	66	1	0.69938600029802434	2	3	state1	0.44324987076763361	1	1
m272	region2	57	66	1	0.69938600029802434	2	3	state2	0.55675012923236655	2	1
m273	region1	19	81	1	0.5779377514312618	2	4	state1	0.53440689092795357	1	1
m273	region1	19	81	1	0.5779377514312618	2	4	state2	0.46559310907204654	2	1
m273	region2	33	65	1	0.69938600029802434	2	4	state1	0.44324987076763361	1	1
m273	region2	33	65	1	0.69938600029802434	2	4	state2	0.55675012923236655	2	1
m274	region1	11	87	1	0.5779377514312618	2	5	state1	1	2	1
m274	region2	15	79	1	0.69938600029802434	2	5	state1	1.0000000000000002	2	1
m275	region1	44	57	1	0.5779377514312618	2	1	state1	0.53440689092795357	1	1
m275	region1	44	57	1	0.5779377514312618	2	1	state2	0.46559310907204654	2	1
m275	region2	46	66	1	0.69938600029802434	2	1	state1	0.44324987076763361	1	1
m275	region2	46	66	1	0.69938600029802434	2	1	state2	0.55675012923236655	2	1
m276	region1	32	70	1	0.5779377514312618	2	3	state1	0.53440689092795357	1	1
m276	region1	32	70	1	0.5779377514312618	2	3	state2	0.46559310907204654	2	1
m276	region2	19	68	1	0.69938600029802434	2	3	state1	0.44324987076763361	1	1
m276	region2	19	68	1	0.69938600029802434	2	3	state2	0.55675012923236655	2	1
m277	region1	15	96	1	0.5779377514312618	2	2	state1	0.53440689092795357	1	1
m277	region1	15	96	1	0.5779377514312618	2	2	state2	0.46559310907204654	2	1
m277	region2	24	85	1	0.69938600029802434	2	2	state1	0.44324987076763361	1	1
m277	region2	24	85	1	0.69938600029802434	2	2	state2	0.55675012923236655	2	1
m278	region1	38	61	1	0.5779377514312618	2	2	state1	0.53440689092795357	1	1
m278	region1	38	61	1	0.5779377514312618	2	2	state2	0.46559310907204654	2	1
m278	region2	46	51	1	0.69938600029802434	2	2	state1	0.44324987076763361	1	1
m278	region2	46	51	1	0.69938600029802434	2	2	state2	0.55675012923236655	2	1
m279	region1	19	70	1	0.5779377514312618	2	4	state1	0.53440689092795357	1	1
m279	region1	19	70	1	0.5779377514312618	2	4	state2	0.46559310907204654	2	1
m279	region2	32	63	1	0.69938600029802434	2	4	state1	0.44324987076763361	1	1
m279	region2	32	63	1	0.69938600029802434	2	4	state2	0.55675012923236655	2	1
m280	region1	27	61	1	0.5779377514312618	2	2	state1	0.53440689092795357	1	1
m280	region1	27	61	1	0.5779377514312618	2	2	state2	0.46559310907204654	2	1
m280	region2	26	69	1	0.69938600029802434	2	2	state1	0.44324987076763361	1	1
m280	region2	26	69	1	0.69938600029802434	2	2	state2	0.55675012923236655	2	1
m281	region1	2	96	1	0.5779377514312618	2	4	state1	0.53440689092795357	1	1
m281	region1	2	96	1	0.5779377514312618	2	4	state2	0.46559310907204654	2	1
m281	region2	6	107	1	0.69938600029802434	2	4	state1	0.44324987076763361	1	1
m281	region2	6	107	1	0.69938600029802434	2	4	state2	0.55675012923236655	2	1
m282	region1	21	72	1	0.5779377514312618	2	8	state1	1	2	1
m282	region2	21	74	1	0.69938600029802434	2	8	state1	1.0000000000000002	2	1
m283	region1	2	109	1	0.5779377514312618	2	3	state1	0.53440689092795357	1	1
m283	region1	2	109	1	0.5779377514312618	2	3	state2	0.46559310907204654	2	1
m283	region2	14	96	1	0.69938600029802434	2	3	state1	0.44324987076763361	1	1
m283	region2	14	96	1	0.69938600029802434	2	3	state2	0.55675012923236655	2	1
m284	region1	26	71	1	0.5779377514312618	2	6	state1	0.53440689092795357	1	1
m284	region1	26	71	1	0.5779377514312618	2	6	state2	0.46559310907204654	2	1
m284	region2	28	67	1	0.69938600029802434	2	6	state1	0.44324987076763361	1	1
m284	region2	28	67	1	0.69938600029802434	2	6	state2	0.55675012923236655	2	1
m285	region1	5	91	1	0.5779377514312618	2	0	state1	1	2	1
m285	region2	3	98	1	0.69938600029802434	2	0	state1	1.0000000000000002	2	1
m286	region1	36	67	1	0.5779377514312618	2	6	state1	0.53440689092795357	1	1
m286	region1	36	67	1	0.5779377514312618	2	6	state2	0.46559310907204654	2	1
m286	region2	43	55	1	0.69938600029802434	2	6	state1	0.44324987076763361	1	1
m286	region2	43	55	1	0.69938600029802434	2	6	state2	0.55675012923236655	2	1
m287	region1	9	98	1	0.5779377514312618	2	4	state1	0.53440689092795357	1	1
m287	region1	9	98	1	0.5779377514312618	2	4	state2	0.46559310907204654	2	1
m287	region2	18	86	1	0.69938600029802434	2	4	state1	0.44324987076763361	1	1
m287	region2	18	86	1	0.69938600029802434	2	4	state2	0.55675012923236655	2	1
m288	region1	21	82	1	0.5779377514312618	2	0	state1	1	2	1
m288	region2	27	69	1	0.69938600029802434	2	0	state1	1.0000000000000002	2	1
m289	region1	11	68	1	0.5779377514312618	2	8	state1	1	2	1
m289	region2	21	64	1	0.69938600029802434	2	8	state1	1.0000000000000002	2	1
m290	region1	13	90	1	0.5779377514312618	2	7	state1	0.81020272727142018	1	1
m290	region1	13	90	1	0.5779377514312618	2	7	state2	0.18979727272857988	2	1
m290	region2	18	74	1	0.69938600029802434	2	7	state1	0.67926111888449514	1	1
m290	region2	18	74	1	0.69938600029802434	2	7	state2	0.32073888111550503	2	1
m291	region1	4	85	1	0.5779377514312618	2	5	state1	1	2	1
m291	region2	7	96	1	0.69938600029802434	2	5	state1	1.0000000000000002	2	1
m292	region1	26	72	1	0.5779377514312618	2	7	state1	0.81020272727142018	1	1
m292	region1	26	72	1	0.5779377514312618	2	7	state2	0.18979727272857988	2	1
m292	region2	41	59	1	0.69938600029802434	2	7	state1	0.67926111888449514	1	1
m292	region2	41	59	1	0.69938600029802434	2	7	state2	0.32073888111550503	2	1
m293	region1	34	52	1	0.5779377514312618	2	2	state1	0.53440689092795357	1	1
m293	region1	34	52	1	0.5779377514312618	2	2	state2	0.46559310907204654	2	1
m293	region2	45	39	1	0.69938600029802434	2	2	state1	0.44324987076763361	1	1
m293	region2	45	39	1	0.69938600029802434	2	2	state2	0.55675012923236655	2	1
m294	region1	23	74	1	0.5779377514312618	2	5	state1	1	2	1
m294	region2	27	70	1	0.69938600029802434	2	5	state1	1.0000000000000002	2	1
m295	region1	28	52	1	0.5779377514312618	2	1	state1	0.53440689092795357	1	1
m295	region1	28	52	1	0.5779377514312618	2	1	state2	0.46559310907204654	2	1
m295	region2	37	66	1	0.69938600029802434	2	1	state1	0.44324987076763361	1	1
m295	region2	37	66	1	0.69938600029802434	2	1	state2	0.55675012923236655	2	1
m296	region1	29	67	1	0.5779377514312618	2	3	state1	0.53440689092795357	1	1
m296	region1	29	67	1	0.5779377514312618	2	3	state2	0.46559310907204654	2	1
m296	region2	54	54	1	0.69938600029802434	2	3	state1	0.44324987076763361	1	1
m296	region2	54	54	1	0.69938600029802434	2	3	state2	0.55675012923236655	2	1
m297	region1	25	81	1	0.5779377514312618	2	2	state1	0.53440689092795357	1	1
m297	region1	25	81	1	0.5779377514312618	2	2	state2	0.46559310907204654	2	1
m297	region2	24	59	1	0.69938600029802434	2	2	state1	0.44324987076763361	1	1
m297	region2	24	59	1	0.69938600029802434	2	2	state2	0.55675012923236655	2	1
m298	region1	12	84	1	0.5779377514312618	2	5	state1	1	2	1
m298	region2	20	88	1	0.69938600029802434	2	5	state1	1.0000000000000002	2	1
m299	region1	27	81	1	0.5779377514312618	2	1	state1	0.53440689092795357	1	1
m299	region1	27	81	1	0.5779377514312618	2	1	state2	0.46559310907204654	2	1
m299	region2	22	63	1	0.69938600029802434	2	1	state1	0.44324987076763361	1	1
m299	region2	22	63	1	0.69938600029802434	2	1	state2	0.55675012923236655	2	1
m300	region1	9	89	1	0.5779377514312618	2	4	state1	0.53440689092795357	1	1
m300	region1	9	89	1	0.5779377514312618	2	4	state2	0.46559310907204654	2	1
m300	region2	8	82	1	0.69938600029802434	2	4	state1	0.44324987076763361	1	1
m300	region2	8	82	1	0.69938600029802434	2	4	state2	0.55675012923236655	2	1
